Date,Title,Score,Score_scaled,Sentiment,language
2020-01-01,Here How 2019 Turned Out To Be A Historic Year For The Stock Market,0.2860637626262626,0.1553324048444868,Positive,English
2020-01-01,,0.0,0.0,Neutral,
2020-01-01,,0.0,0.0,Neutral,
2020-01-05,Low Interest Rates Worry the Fed . Ben Bernanke Has Some Ideas . ,0.0790545634920635,0.3646127445467276,Neutral,English
2020-01-05,"Fed has the tools it needs to fight the next recession , Bernanke says",0.1170454545454545,0.3262050476013846,Positive,English
2020-01-05,Apple Stock Is Really Expensive | The Motley Fool,0.194231884057971,0.24817178987011568,Positive,English
2020-01-04,Next stock market crash : The exact scenario that could spur a meltdown,0.0822070105820105,0.3614257113103459,Neutral,English
2020-01-04,,0.0,0.0,Neutral,
2020-01-04,,0.0,0.0,Neutral,
2020-01-03,Fed minutes : Members worried that keeping rates low would encourage risk,0.3583555184004285,0.08224752132546526,Positive,English
2020-01-03,,0.0,0.0,Neutral,
2020-01-03,,0.0,0.0,Neutral,
2020-01-02,2020 Predictions for the Global Economy and Markets,0.1358862641190227,0.30715753162473747,Positive,English
2020-01-02,,0.0,0.0,Neutral,
2020-01-02,,0.0,0.0,Neutral,
2020-01-07,Eurozone inflation rate hits 6 - month high of 1 . 3 % ,0.0278571428571428,0.4163718626302128,Negative,English
2020-01-07,,0.0,0.0,Neutral,
2020-01-07,,0.0,0.0,Neutral,
2020-01-06,Buttonwood - Why the most important hedge is against unexpected inflation | Finance and economics,0.0986471861471861,0.34480516719233323,Neutral,English
2020-01-06,,0.0,0.0,Neutral,
2020-01-06,,0.0,0.0,Neutral,
2020-01-10,"Fed on hold but next move may be rate cut , Kashkari says",0.1433883219954648,0.29957316712589277,Positive,English
2020-01-10,,0.0,0.0,Neutral,
2020-01-10,,0.0,0.0,Neutral,
2020-01-08,,0.0,0.0,Neutral,
2020-01-08,,0.0,0.0,Neutral,
2020-01-08,,0.0,0.0,Neutral,
2020-01-09,"Apple Stock Hits New Record , Spurring Dow Higher , As China Sales Boom",0.0817355371900826,0.3619023573339812,Neutral,English
2020-01-09,,0.0,0.0,Neutral,
2020-01-09,,0.0,0.0,Neutral,
2020-01-15,PPI shows tepid increase in U . S . wholesale inflation at the end of 2019,0.1374999999999999,0.30552609111497697,Positive,English
2020-01-15,December 2019 CPI Update,0.1497661947661948,0.2931253213991396,Positive,English
2020-01-15,,0.0,0.0,Neutral,
2020-01-12,Why Apple Stock Soared 86 . 2 % in 2019,0.3214397496087638,0.1195683006212711,Positive,English
2020-01-12,"U . S ., China Move on From Year of the Spat : Global Economy Week",0.0730833333333333,0.3706494863016155,Neutral,English
2020-01-12,Record earnings at big banks could keep the stock rally alive,0.1486964364138277,0.29420681629076306,Positive,English
2020-01-14,US Consumer Price Index CPI December 2019,0.3565142339997831,0.08410900683657868,Positive,English
2020-01-14,U . S . consumer prices increase moderately in December,0.0729051383399209,0.37082963630900917,Neutral,English
2020-01-14,,0.0,0.0,Neutral,
2020-01-13,Fed Rosengren warns of risks to central bank  almost ideal  economic outlook,0.1401722391084093,0.3028245343208222,Positive,English
2020-01-13,Podcast : JPMorgan Chase Expected to Report a 7 % Earnings Increase,0.019817821067821,0.4244993854750029,Negative,English
2020-01-13,,0.0,0.0,Neutral,
2020-01-11,NY Fed Williams says central bank can avert  downward trend  in inflation expectations,0.0437671356421356,0.4002873180368831,Negative,English
2020-01-11,Fed 2014  Normalization  Debate Sowed Seeds for Today Hot Labor Market,0.0426658163265306,0.40140072015357375,Negative,English
2020-01-11,This 2020 Bull Market Cannot Be Stopped - Capitalism Is Now In Control,0.0886798088410991,0.35488189864814645,Neutral,English
2020-01-16,,0.0,0.0,Neutral,
2020-01-16,,0.0,0.0,Neutral,
2020-01-16,,0.0,0.0,Neutral,
2020-01-18,"In the stock market , it become Apple , Microsoft and Alphabet vs everyone else",0.2987902866263716,0.14246625552788128,Positive,English
2020-01-18,,0.0,0.0,Neutral,
2020-01-18,,0.0,0.0,Neutral,
2020-01-17,,0.0,0.0,Neutral,
2020-01-17,,0.0,0.0,Neutral,
2020-01-17,,0.0,0.0,Neutral,
2020-01-20,,0.0,0.0,Neutral,
2020-01-20,,0.0,0.0,Neutral,
2020-01-20,,0.0,0.0,Neutral,
2020-01-19,What to Know About Recent Federal Reserve Guidance and Interest Rate Announcements,0.2596433381433381,0.18204269324707772,Positive,English
2020-01-19,What to Know About Recent Federal Reserve Guidance and Interest Rate Announcements,0.2596433381433381,0.18204269324707772,Positive,English
2020-01-19,Global Economic Growth Is The Lowest In A Decade : Why Is Wall Street Racing To The Moon ? ,0.0225686669652186,0.4217183594805847,Negative,English
2020-01-23,,0.0,0.0,Neutral,
2020-01-23,,0.0,0.0,Neutral,
2020-01-23,,0.0,0.0,Neutral,
2020-01-24,"Japan December core consumer inflation ticks up , but far from BOJ target",0.0554193899782135,0.38850722441809465,Neutral,English
2020-01-24,"Japan December core consumer inflation ticks up , but far from BOJ target",0.0554193899782135,0.38850722441809465,Neutral,English
2020-01-24,"Next recession timing , biggest investment risk : Barings CEO interview",-0.0004449254449254,0.44498443875390997,Negative,English
2020-01-22,"Head of U . S . largest bank says central banks are fueling a sovereign debt bubble , negative - rates wont  end well  ",-0.0475206611570247,0.49257665206020956,Negative,English
2020-01-22,Mark Cuban says here how youll know the market has topped,0.4362186565447435,0.0035301306525949983,Positive,English
2020-01-22,,0.0,0.0,Neutral,
2020-01-25,The yield curve still weird . Fed Bullard is okay with that,0.0480421335200746,0.3959654182765665,Negative,English
2020-01-25,"The road ahead for the U . S . economy looks pretty clear , but a few potholes are looming",-0.0071428571428571,0.451755854840288,Negative,English
2020-01-25,"Holy Cow , Batman – 2 ! There Really Is Rampant Inflation ! ",0.0579898545138271,0.3859085587865396,Neutral,English
2020-01-21,Trump Criticizes Federal Reserve At Davos For Holding Back U . S . Economy,0.0171279761904761,0.42721874119461095,Negative,English
2020-01-21,Davos 2020 : Trump says he  could get used to  negative interest rates :  Love that  ,0.4052507702507704,0.03483777200655047,Positive,English
2020-01-21,Fund managers most optimistic on growth in nearly two years as cash at lowest levels since 2013,0.1714285714285714,0.2712252823399039,Positive,English
2020-01-27,,0.0,0.0,Neutral,
2020-01-27,,0.0,0.0,Neutral,
2020-01-27,,0.0,0.0,Neutral,
2020-01-28,The Chicago Fed Charles Evans has become a pivotal player on interest rates -- just not in the U . S . ,0.0129629629629629,0.4314294496402449,Negative,English
2020-01-28,,0.0,0.0,Neutral,
2020-01-28,,0.0,0.0,Neutral,
2020-01-29,Fed decision : Interest rates unchanged,0.406268761472843,0.03380861219307213,Positive,English
2020-01-29,FOMC statement for January,0.0824652777777777,0.36116461061197036,Neutral,English
2020-01-29,Here Why Stocks Are Rising After January Federal Reserve Meeting,0.2439805665349144,0.1978773043493821,Positive,English
2020-01-26,An Early Look at Social Security 2021 COLA Trends,0.1820532039976485,0.26048408473821427,Positive,English
2020-01-26,An Early Look at Social Security 2021 COLA Trends,0.1820532039976485,0.26048408473821427,Positive,English
2020-01-26,Fed Expected to Hold Borrowing Costs Steady for Months,0.0848842592592592,0.3587190899863401,Neutral,English
2020-01-30,How to Protect Your Bond Investments From Inflation and Interest - Rate Threats,0.0976190476190476,0.3458445856400627,Neutral,English
2020-01-30,Stock market news live : Stocks pare gains ; Facebook tumbles on earnings,0.0999570292048168,0.3434809535766868,Neutral,English
2020-01-30,European markets focus on rising coronavirus death toll,0.4247133422133422,0.015161672157645578,Positive,English
2020-02-01,,0.0,0.0,Neutral,
2020-02-01,,0.0,0.0,Neutral,
2020-02-01,,0.0,0.0,Neutral,
2020-01-31,"Inflation spike threatens the stocks market , warns Shawn Matthews",0.0872700216450216,0.35630715290997134,Neutral,English
2020-01-31,U . S . consumer spending posts modest gain in December as inflation accelerates,0.0944444444444444,0.3490540180400695,Neutral,English
2020-01-31,"Author Post : Presidential Election Years Impact on Stocks , Bonds , and Federal Reserve Policy",0.021694214876033,0.4226024053637798,Negative,English
2020-02-04,Financial Markets – When Tempting Tranquility Leads To Turmoil,0.1125210970464135,0.3307790427585749,Positive,English
2020-02-04,Free exchange - Yield - curve control could prove a useful tool in the next recession | Finance and economics,0.1195723468450741,0.3236504322458006,Positive,English
2020-02-04,,0.0,0.0,Neutral,
2020-02-02,Pakistan annual inflation rate rises to 14 . 56 % in January,0.0481481481481481,0.39585824054016916,Negative,English
2020-02-02,,0.0,0.0,Neutral,
2020-02-02,,0.0,0.0,Neutral,
2020-02-03,,0.0,0.0,Neutral,
2020-02-03,,0.0,0.0,Neutral,
2020-02-03,,0.0,0.0,Neutral,
2020-02-08,The economy is still chugging along but the coronavirus lurks by the side of the road,0.198580586080586,0.24377537734176857,Positive,English
2020-02-08,,0.0,0.0,Neutral,
2020-02-08,,0.0,0.0,Neutral,
2020-02-07,,0.0,0.0,Neutral,
2020-02-07,,0.0,0.0,Neutral,
2020-02-07,,0.0,0.0,Neutral,
2020-02-06,Has the  Great Moderation  returned and is that a good thing ? ,0.4333333333333333,0.0064471093393403955,Positive,English
2020-02-06,,0.0,0.0,Neutral,
2020-02-06,,0.0,0.0,Neutral,
2020-02-09,Millennial retirement savings : Fidelity data reveals a big issue,0.1408854829810711,0.30210346530270366,Positive,English
2020-02-09,,0.0,0.0,Neutral,
2020-02-09,,0.0,0.0,Neutral,
2020-02-05,Fed Mary Daly says current interest rates put economy  in a good place to weather the storms  ,0.4645316063864451,0.0,Positive,English
2020-02-05,Fed Daly on stock market gains : Maybe weve taught people  expansions do not die of old age  ,0.1266666666666666,0.31647827918000027,Positive,English
2020-02-05,,0.0,0.0,Neutral,
2020-02-12,"Stock market live updates : Dow futures up 140 , Bed Bath & Beyond tanks , Powell ahead",0.211274143703322,0.23094255608345338,Positive,English
2020-02-12,,0.0,0.0,Neutral,
2020-02-12,,0.0,0.0,Neutral,
2020-02-10,Buttonwood - The culture wars between economists and markets practitioners | Finance and economics,0.1103002070393374,0.33302429860742677,Positive,English
2020-02-10,,0.0,0.0,Neutral,
2020-02-10,,0.0,0.0,Neutral,
2020-02-13,"US Consumer Price Index rose 0 . 1 % in January , vs 0 . 2 % expected",0.4550946439181733,0.0,Positive,English
2020-02-13,,0.0,0.0,Neutral,
2020-02-13,,0.0,0.0,Neutral,
2020-02-14,A tale of two markets : Why are stocks and bonds diverging as coronavirus spreads ? ,0.0386250838363514,0.4054857843523023,Negative,English
2020-02-14,EUR / USD Forecast : At Risk Of Extending Its Decline,0.0294499341238471,0.4147615965224031,Negative,English
2020-02-14,MORNING BID EUROPE - Virus victim count rises -- and so do global stocks,0.0381868686868686,0.4059288072504634,Negative,English
2020-02-11,The Fed Is Eyeing Coronavirus and Keeping Rates Steady for Now,0.1051282051282051,0.3382530436169696,Positive,English
2020-02-11,Americans are feeling better about their chances of getting a loan here why theyre feeling so good,0.2594405594405594,0.18224769667677748,Positive,English
2020-02-11,Traders see outside chance of U . S . interest rate hitting rock bottom this year,-0.0913194444444444,0.5368559608217192,Negative,English
2020-02-16,"Bloomberg lays out plans for Social Security , retirement savings",0.3577977029430516,0.08281145669113626,Positive,English
2020-02-16,,0.0,0.0,Neutral,
2020-02-16,,0.0,0.0,Neutral,
2020-02-19,,0.0,0.0,Neutral,
2020-02-19,,0.0,0.0,Neutral,
2020-02-19,,0.0,0.0,Neutral,
2020-02-15,,0.0,0.0,Neutral,
2020-02-15,,0.0,0.0,Neutral,
2020-02-15,,0.0,0.0,Neutral,
2020-02-18,,0.0,0.0,Neutral,
2020-02-18,,0.0,0.0,Neutral,
2020-02-18,,0.0,0.0,Neutral,
2020-02-17,How Millennials Could Make the Fed Job Harder - The New York Times,0.0544413919413919,0.38949595227284795,Neutral,English
2020-02-17,"ECB negative rates not harmful , but inflation rise to stay elusive : Reuters poll",-0.00251495215311,0.44707717615154,Negative,English
2020-02-17,,0.0,0.0,Neutral,
2020-02-23,,0.0,0.0,Neutral,
2020-02-23,,0.0,0.0,Neutral,
2020-02-23,,0.0,0.0,Neutral,
2020-02-20,Bank of America warns negative U . S . rates could hurt operations,-0.0444047619047619,0.48942656763536824,Negative,English
2020-02-20,Fed seems inclined to keep rates low as virus poses risks,0.0989171374764595,0.3445322541714158,Neutral,English
2020-02-20,Fed Clarida : Economic outlook is  a good picture  ,0.3181818181818182,0.12286197548504263,Positive,English
2020-02-21,Fed Minutes Imply Stock Valuations Are Getting Frothy,0.0689541288132837,0.3748239931750796,Neutral,English
2020-02-21,Fed Brainard backs aggressive action in next recession,0.225,0.21706611058978859,Positive,English
2020-02-21,,0.0,0.0,Neutral,
2020-02-22,The Coronavirus May Affect Social Security COLA in 2021,0.1897710261734652,0.2526815887454187,Positive,English
2020-02-22,The Coronavirus May Affect Social Security COLA in 2021,0.1897710261734652,0.2526815887454187,Positive,English
2020-02-22,The ECB wants to talk to you about inflation . But will it listen ? ,-0.024976869535693,0.4697855278569307,Negative,English
2020-02-24,"The coronavirus is hurting stocks , but here what could be the real problem",0.3371307132789691,0.10370518815626772,Positive,English
2020-02-24,"In Riyadh , top central bankers unsettled by shifting sands of inflation",0.111291239202198,0.33202239362655267,Positive,English
2020-02-24,The 10 - year Treasury yield is sliding toward its all - time low here why,0.1136363636363636,0.32965154034911914,Positive,English
2020-02-27,"Fed seen slashing rates amid virus threat , low inflation",0.0370476528679653,0.4070805216407968,Negative,English
2020-02-27,,0.0,0.0,Neutral,
2020-02-27,,0.0,0.0,Neutral,
2020-02-26,,0.0,0.0,Neutral,
2020-02-26,,0.0,0.0,Neutral,
2020-02-26,,0.0,0.0,Neutral,
2020-02-29,Trump calls for lower rates amid coronavirus fallout :  We need a Fed that going to be a leader  ,0.4129631479631479,0.02704078020952405,Positive,English
2020-02-29,Judy Shelton Would Be A Great Addition To The Fed Board,0.1345723516679399,0.30848585927998984,Positive,English
2020-02-29,Can Social Security Really Keep Up With Inflation ? ,0.1943722943722944,0.248029839085309,Positive,English
2020-02-28,"Consumer spending is still rising steadily , but coronavirus looms as potential brake",0.0896694214876033,0.3538814287574351,Neutral,English
2020-02-28,Plunging rates in the US are rewriting the history books,0.3601592532047076,0.08042399737507516,Positive,English
2020-02-28,"Rich Profits and Dark Messages From the Market ( No , Not That Market ) ",-0.0418965517241379,0.48689083936415595,Negative,English
2020-02-25,Kudlow says he doesnt expecting a Fed  panic move  to cut rates,0.4094533040488922,0.0305891313443985,Positive,English
2020-02-25,Fed Vice Chair Clarida says it still too soon to tell how much coronavirus will impact growth,0.4858950246765373,0.0,Positive,English
2020-02-25,,0.0,0.0,Neutral,
2020-03-04,"Jim Cramer  Mad Money  recap & stock picks March 3 , 2020",0.3800736924106488,0.06029107275418827,Positive,English
2020-03-04,,0.0,0.0,Neutral,
2020-03-04,,0.0,0.0,Neutral,
2020-03-02,"Our FRB : Helpless , Hopeless And Superfluous",0.0152052997507542,0.4291625117136285,Negative,English
2020-03-02,Lagarde says ECB is ready to take  appropriate and targeted measure to support economy,0.203030303030303,0.23927684163074497,Positive,English
2020-03-02,"Student in Milan , Italy Wins My Forecasting Derby",0.0938340336134453,0.3496711258140415,Neutral,English
2020-03-01,,0.0,0.0,Neutral,
2020-03-01,,0.0,0.0,Neutral,
2020-03-01,,0.0,0.0,Neutral,
2020-03-03,"Rest In Peace , Fed Dual Mandate , Aged 106 Years Old",0.0586097379631862,0.38528187446816026,Neutral,English
2020-03-03,Here How Jay Powell Can Have His Cake And Eat It Too,0.1267643540669856,0.3163795200310885,Positive,English
2020-03-03,,0.0,0.0,Neutral,
2020-03-05,The Fed Cant Save Us From a Coronavirus Recession,0.0985403534087744,0.3449131720147258,Neutral,English
2020-03-05,The Fed Cant Save Us From a Coronavirus Recession,0.1558493018419489,0.2869754753025243,Positive,English
2020-03-05,The Fed Cant Save Us From a Coronavirus Recession,0.1558493018419489,0.2869754753025243,Positive,English
2020-03-09,,0.0,0.0,Neutral,
2020-03-09,,0.0,0.0,Neutral,
2020-03-09,,0.0,0.0,Neutral,
2020-03-06,Why retirees should be wary of rising inflation,0.030324074074074,0.41387786620270756,Negative,English
2020-03-06,Plunging yields force investors and Fed to rethink strategy,0.0614235633647398,0.3824371780084721,Neutral,English
2020-03-06,,0.0,0.0,Neutral,
2020-03-10,The coronavirus economic  disaster  scenario : Stagflation,0.060789072039072,0.3830786304691804,Neutral,English
2020-03-10,How Has the U . S . Avoided a Recession for a Decade ? ,0.1828049843674843,0.25972405643107266,Positive,English
2020-03-10,How Has the U . S . Avoided a Recession for a Decade ? ,0.1828049843674843,0.25972405643107266,Positive,English
2020-03-08,Parts of financial markets are pricing in a global recession,0.0438326356183498,0.40022109944693673,Negative,English
2020-03-08,,0.0,0.0,Neutral,
2020-03-08,,0.0,0.0,Neutral,
2020-03-07,,0.0,0.0,Neutral,
2020-03-07,,0.0,0.0,Neutral,
2020-03-07,,0.0,0.0,Neutral,
2020-03-15,Here the Fed statement on cutting interest rates to near zero,-0.1,0.5456317525404879,Negative,English
2020-03-15,Fed Cuts Rates To Near Zero In An Effort To Combat Coronavirus Impact,0.1047619047619047,0.33862336274004734,Positive,English
2020-03-15,,0.0,0.0,Neutral,
2020-03-11,U . S . consumer prices unexpectedly rise in February,0.0738257575757575,0.3698989167698867,Neutral,English
2020-03-11,,0.0,0.0,Neutral,
2020-03-11,,0.0,0.0,Neutral,
2020-03-14,Opinion | We Need Real Economic Stimulus,0.1492123617123617,0.29368523066949714,Positive,English
2020-03-14,,0.0,0.0,Neutral,
2020-03-14,,0.0,0.0,Neutral,
2020-03-13,,0.0,0.0,Neutral,
2020-03-13,,0.0,0.0,Neutral,
2020-03-13,,0.0,0.0,Neutral,
2020-03-12,WRAPUP 2 - Rising food costs lift U . S . consumer prices ; coronavirus to weigh on inflation,0.0547342657342657,0.3891998653012599,Neutral,English
2020-03-12,This Rock - Solid Investment Will Make Wall Street Pros Jealous,0.2735690235690236,0.1679642262578659,Positive,English
2020-03-12,,0.0,0.0,Neutral,
2020-03-18,Does a Recession Always Follow a Bear Market ? Usually,0.0552631578947368,0.3886651705559433,Neutral,English
2020-03-18,,0.0,0.0,Neutral,
2020-03-18,,0.0,0.0,Neutral,
2020-03-16,Federal Reserve Cuts Interest Rates To Zero For First Time Since Financial Crisis,0.1194264069264069,0.3237979733013794,Positive,English
2020-03-16,Bad News : Your 2021 Social Security COLA Will Probably Be Zero,0.1664020099860807,0.2763069912234626,Positive,English
2020-03-16,,0.0,0.0,Neutral,
2020-03-20,Let Get Real – It Time For TIPS,0.0967901945724526,0.3466825322041774,Neutral,English
2020-03-20,Why retirees should be wary of rising inflation,0.030324074074074,0.41387786620270756,Negative,English
2020-03-20,European stocks react to monetary and fiscal measures agnaist virus,0.4014122157872157,0.0387184400418753,Positive,English
2020-03-17,Rising Real Interest Rates Could Be Driving Gold Back To $1200 / oz,0.0924265450861196,0.35109405618794615,Neutral,English
2020-03-17,How Safe Are Your Safe - Haven Assets ? ,0.0594839015151515,0.3843981202877868,Neutral,English
2020-03-17,"Gold is setting records dating back over 5 , 000 years against silver",0.04375,0.4003046416776786,Negative,English
2020-03-19,What comes after coronavirus for economy ? Worry about stagflation,0.3311481345115366,0.10975340302778186,Positive,English
2020-03-19,Australia central bank cuts rates for the second time in March,0.4780850714941624,0.0,Positive,English
2020-03-19,Your portfolio for the next decade massively lighten up on stocks,0.15,0.29288895103994994,Positive,English
2020-03-21,,0.0,0.0,Neutral,
2020-03-21,,0.0,0.0,Neutral,
2020-03-21,,0.0,0.0,Neutral,
2020-03-24,,0.0,0.0,Neutral,
2020-03-24,,0.0,0.0,Neutral,
2020-03-24,,0.0,0.0,Neutral,
2020-03-22,Coronavirus May Mean No Social Security COLA in 2021,0.1535374520178443,0.28931268890729517,Positive,English
2020-03-22,Coronavirus May Mean No Social Security COLA in 2021,0.1535374520178443,0.28931268890729517,Positive,English
2020-03-22,Preparing For Inflation : What Can We Do If The Misery Index Turns Up ? ,0.045771599292726,0.3982608630026583,Negative,English
2020-03-23,These Funds Have Shielded Some Cautious Investors From The Coronavirus Selloff,0.1445855379188712,0.29836281629996164,Positive,English
2020-03-23,,0.0,0.0,Neutral,
2020-03-23,,0.0,0.0,Neutral,
2020-03-25,  There is no gold . Bullion dealers sell out in panic buying,0.2,0.24234039073984237,Positive,English
2020-03-25,,0.0,0.0,Neutral,
2020-03-25,,0.0,0.0,Neutral,
2020-03-28,Brazil headed for  whatever it take QE as coronavirus crash looms,0.0421211658711658,0.4019513460812835,Negative,English
2020-03-28,Conditions are ripe for the price of gold bullion to double,0.1040909090909091,0.33930172004277603,Positive,English
2020-03-28,,0.0,0.0,Neutral,
2020-03-26,,0.0,0.0,Neutral,
2020-03-26,,0.0,0.0,Neutral,
2020-03-26,,0.0,0.0,Neutral,
2020-03-27,Brazil headed for  whatever it take QE as coronavirus crash looms,0.0421211658711658,0.4019513460812835,Negative,English
2020-03-27,,0.0,0.0,Neutral,
2020-03-27,,0.0,0.0,Neutral,
2020-03-29,,0.0,0.0,Neutral,
2020-03-29,,0.0,0.0,Neutral,
2020-03-29,,0.0,0.0,Neutral,
2020-03-30,8 Best Investment Strategies During A Recession,0.1364077638631209,0.30663031039951666,Positive,English
2020-03-30,,0.0,0.0,Neutral,
2020-03-30,,0.0,0.0,Neutral,
2020-03-31,European Equities : A Busy Economic Calendar and COVID - 19 Numbers in Focus,0.0539837146980004,0.38995865078755915,Neutral,English
2020-03-31,,0.0,0.0,Neutral,
2020-03-31,,0.0,0.0,Neutral,
2020-04-02,South Korea inflation slows slightly in March,-0.0555555555555555,0.5006996989403922,Negative,English
2020-04-02,Crude - oil surge drags Treasury yields and inflation expectations higher . ,-0.0025613275613275,0.4471240603539145,Negative,English
2020-04-02,,0.0,0.0,Neutral,
2020-04-04,"If Your 401 ( k ) Balance Is Small or Non - Existent , Fret Not . A New Paper Justifies Low Retirement Savings . ",0.0623942345533254,0.3814558573863162,Neutral,English
2020-04-04,"  ERP ,  ZIRP  And When To Get Back Into The Market",0.1211735915859627,0.3220316199189998,Positive,English
2020-04-04,Coronavirus Cases Rise,0.1332634032634032,0.3098091684271189,Positive,English
2020-04-01,South Korea inflation slows slightly in March,-0.0555555555555555,0.5006996989403922,Negative,English
2020-04-01,U . S . forecast to sell more than $2 trillion of short - term debt in 2020 to finance stimulus,0.1866666666666666,0.25582000681987116,Positive,English
2020-04-01,,0.0,0.0,Neutral,
2020-04-03,,0.0,0.0,Neutral,
2020-04-03,,0.0,0.0,Neutral,
2020-04-03,,0.0,0.0,Neutral,
2020-04-09,,0.0,0.0,Neutral,
2020-04-09,,0.0,0.0,Neutral,
2020-04-09,,0.0,0.0,Neutral,
2020-04-06,"Economic Forecast Update , April 6 , 2020 : Partial V Shape",0.1093059095629189,0.33402950472628645,Positive,English
2020-04-06,,0.0,0.0,Neutral,
2020-04-06,,0.0,0.0,Neutral,
2020-04-07,"The coronavirus crisis will leave 3 long - term scars , even if the economy recovers in the fourth quarter , Pimco warns",-0.0244444444444444,0.46924726142032525,Negative,English
2020-04-07,,0.0,0.0,Neutral,
2020-04-07,,0.0,0.0,Neutral,
2020-04-08,"Founder of world largest hedge fund doubles down on  cash is trash  argument , warning of debt - fueled inflation",0.1495093795093795,0.2933849542290419,Positive,English
2020-04-08,"Exclusive : China central bank to step up easing , wont borrow Fed playbook",0.0288897243107769,0.4153279525127369,Negative,English
2020-04-08,,0.0,0.0,Neutral,
2020-04-05,Opinion : Therell Be No Social Security COLA in 2021,0.1472875236742424,0.2956311865022534,Positive,English
2020-04-05,Opinion : Therell Be No Social Security COLA in 2021,0.1472875236742424,0.2956311865022534,Positive,English
2020-04-05,BoE wont print money to fund united kingdom fight against coronavirus : Bailey,0.0362745098039215,0.4078621470166653,Negative,English
2020-04-11,U . S . consumer prices post largest drop in five years amid coronavirus disruptions,0.087960267701647,0.3556093340216665,Neutral,English
2020-04-11,Schaeffer Research Mines Gold,0.062103672189879,0.3817496075693084,Neutral,English
2020-04-11,,0.0,0.0,Neutral,
2020-04-14,"Stock - market crash : How a spike in inflation could spur new lows , Grant Williams",0.0932723738846188,0.35023894762745605,Neutral,English
2020-04-14,"Fed Evans :  Many , many things must go right  for U . S . economy to recover quickly from coronavirus",0.3163419913419913,0.12472198744413754,Positive,English
2020-04-14,How Governments Will Protect Their Economies With QE,0.0598746902992186,0.38400304407946634,Neutral,English
2020-04-13,Fed Loyalists Are Drifting Toward Zealotry Just As Their Hot - Hand Cools,0.1059441137566137,0.33742818348691983,Positive,English
2020-04-13,,0.0,0.0,Neutral,
2020-04-13,,0.0,0.0,Neutral,
2020-04-12,,0.0,0.0,Neutral,
2020-04-12,,0.0,0.0,Neutral,
2020-04-12,,0.0,0.0,Neutral,
2020-04-10,,0.0,0.0,Neutral,
2020-04-10,,0.0,0.0,Neutral,
2020-04-10,,0.0,0.0,Neutral,
2020-04-16,Bending The Inflation Curve,0.155172902494331,0.28765929556672465,Positive,English
2020-04-16,Free exchange - Covid - 19 could lead to the return of inflation eventually | Finance and economics,0.1534161490683229,0.28943532269646444,Positive,English
2020-04-16,,0.0,0.0,Neutral,
2020-04-17,Here why even emerging markets are joining the QE party,0.0586363636363636,0.3852549566792375,Neutral,English
2020-04-17,,0.0,0.0,Neutral,
2020-04-17,,0.0,0.0,Neutral,
2020-04-15,Mom and Pop sold bonds as the market tanked,0.0,0.4445346319402727,Negative,English
2020-04-15,Money Is Losing Its Meaning,0.0888803854875283,0.3546791214340101,Neutral,English
2020-04-15,,0.0,0.0,Neutral,
2020-04-19,Your 2021 Social Security Checks Could Get a Surprise Boost After All,0.2252868127868129,0.21677615112080753,Positive,English
2020-04-19,Your 2021 Social Security Checks Could Get a Surprise Boost After All,0.2252868127868129,0.21677615112080753,Positive,English
2020-04-19,"Despite The Recent Selloff , U . S . Stock Valuations Remain Elevated",0.1087242798353909,0.33461751563337216,Positive,English
2020-04-18,,0.0,0.0,Neutral,
2020-04-18,,0.0,0.0,Neutral,
2020-04-18,,0.0,0.0,Neutral,
2020-04-24,"What would Keynes do ? - The pandemic will leave the rich world deep in debt , and force some hard choices | Briefing",0.1404515938606847,0.3025421147100119,Positive,English
2020-04-24,The U . S . is speeding down the wrong road with  smidiot in charge of its finances,-0.007688492063492,0.4523074760340392,Negative,English
2020-04-24,,0.0,0.0,Neutral,
2020-04-21,What could turn around this slumping stock market : Big government checks to families,-0.1999999999999999,0.6467288731407029,Negative,English
2020-04-21,Treasury yields add to slide as pressure on crude market intensifies,-0.3133333333333333,0.7613056098209469,Negative,English
2020-04-21,,0.0,0.0,Neutral,
2020-04-22,Determining Sustainable Spending From An Investment Portfolio In Retirement,0.0618243243243243,0.38203202021784244,Neutral,English
2020-04-22,,0.0,0.0,Neutral,
2020-04-22,,0.0,0.0,Neutral,
2020-04-23,"What would Keynes do ? - The pandemic will leave the rich world deep in debt , and force some hard choices | Briefing",0.1404515938606847,0.3025421147100119,Positive,English
2020-04-23,"Government finances - After the disease , the debt | Leaders",0.2211334120425029,0.22097511968029285,Positive,English
2020-04-23,One Last Hurrah - The Tom Brady Of Assets ? Long - Dated Treasury Bonds Still Look Buyable,0.1122419613929048,0.3310612408668408,Positive,English
2020-04-20,Coronavirus : Why gold is seen as a  safe haven  investment in a crisis,0.0887968253968253,0.35476359827968174,Neutral,English
2020-04-20,,0.0,0.0,Neutral,
2020-04-20,,0.0,0.0,Neutral,
2020-04-29,"Asia markets : Fed rate decision , Samsung earnings , oil and currencies",0.369511580313467,0.0709690639590061,Positive,English
2020-04-29,"AUD / USD Forecast : Retains Its Positive Stance , Trading At Its Highest In Over A Month",0.0962656325156325,0.3472128493393838,Neutral,English
2020-04-29,Australia Q1 2020 CPI : First - quarter inflation hits 5 - 1 / 2 - year high,0.4259369647139431,0.013924625042521732,Positive,English
2020-04-26,Deflation Is the Voldemort of the Coronavirus Era,0.0893640415900689,0.3541901590407343,Neutral,English
2020-04-26,,0.0,0.0,Neutral,
2020-04-26,,0.0,0.0,Neutral,
2020-04-25,"For Retirees Seeking an Inflation Hedge , Here How to Add Gold",0.13,0.313108375159993,Positive,English
2020-04-25,Could the crude oil market bust spell trouble for high - flying U . S . stocks ? ,-0.1978896103896104,0.6445953300111531,Negative,English
2020-04-25,,0.0,0.0,Neutral,
2020-04-27,Why coronavirus may push central banks to scrap inflation targets,0.3020481201885142,0.1391726796026077,Positive,English
2020-04-27,,0.0,0.0,Neutral,
2020-04-27,,0.0,0.0,Neutral,
2020-04-28,Will Crisis Breed Inflation And What Can Investors Do To Prepare ? ,0.1229994096812278,0.3201857703972891,Positive,English
2020-04-28,"AUD / USD Forecast : Retains Its Positive Stance , Trading At Its Highest In Over A Month",0.0962656325156325,0.3472128493393838,Neutral,English
2020-04-28,"Inflation expectations may recover with crude oil prices , creating demand for protection",-0.7,1.0,Negative,English
2020-05-02,Investors Rotate Into Bonds And Gold After A Historic Month For Stocks,0.1166317139650473,0.32662332741493083,Positive,English
2020-05-02,,0.0,0.0,Neutral,
2020-05-02,,0.0,0.0,Neutral,
2020-04-30,Apple revenue picks up slightly amid coronavirus,0.1483685468760095,0.2945383031722466,Positive,English
2020-04-30,,0.0,0.0,Neutral,
2020-04-30,,0.0,0.0,Neutral,
2020-05-03,Donald Trump And The Fed Could Be About To Destroy The U . S . Banking System,0.0296494227994228,0.4145599192154725,Negative,English
2020-05-03,,0.0,0.0,Neutral,
2020-05-03,,0.0,0.0,Neutral,
2020-05-01,Pakistan inflation slows to 9 . 5 % in April,0.0705666666666666,0.3731937638367209,Neutral,English
2020-05-01,"Opinion | Crashing Economy , Rising Stocks : What Going On ? ",0.0616397028897029,0.38221866717225544,Neutral,English
2020-05-01,,0.0,0.0,Neutral,
2020-05-04,South Korea inflation slows to 6 - month low,0.0,0.4445346319402727,Negative,English
2020-05-04,"To save the economy , the Federal Reserve should drop interest rates to less than zero",-0.0304166666666666,0.4752850061228381,Negative,English
2020-05-04,,0.0,0.0,Neutral,
2020-05-08,Here why those skimpy bond yields are actually higher than average,-0.0204545454545454,0.4652135884266803,Negative,English
2020-05-08,Paychecks just got bigger for the wrong reasons,0.0688314048360777,0.3749480635823209,Neutral,English
2020-05-08,Does gold belong in a retirement portfolio ? ,0.1408163265306122,0.30217338048282694,Positive,English
2020-05-07,Bank of England holds interest rates and by 7 - 2 margin doesnt increase bond purchase program,0.0454545454545454,0.3985813953038113,Negative,English
2020-05-07,"Investing strategy , recommendations for bond - market bubble : Nancy Davis",0.1310810229959166,0.31201549203809514,Positive,English
2020-05-07,The 411 On Income Annuities,0.1211602700781805,0.32204508757978817,Positive,English
2020-05-06,,0.0,0.0,Neutral,
2020-05-06,,0.0,0.0,Neutral,
2020-05-06,,0.0,0.0,Neutral,
2020-05-09,Go Buy Gold,0.05384139009139,0.39010253686674784,Neutral,English
2020-05-09,The stock market keeps rising while earnings keep falling what if stocks are right ? ,0.1428571428571428,0.3001101739399654,Positive,English
2020-05-09,Explainer : Fed funds futures market sees negative rates by next April,-0.0054641431956246,0.45005872337652175,Negative,English
2020-05-05,What the best bond investment when interest rates are so low ? ,0.2560846560846561,0.18564041833972172,Positive,English
2020-05-05,,0.0,0.0,Neutral,
2020-05-05,,0.0,0.0,Neutral,
2020-05-11,Central banks might succeed after trying for a decade to generate inflation,0.3603012164744008,0.08028047659710547,Positive,English
2020-05-11,,0.0,0.0,Neutral,
2020-05-11,,0.0,0.0,Neutral,
2020-05-14,,0.0,0.0,Neutral,
2020-05-14,,0.0,0.0,Neutral,
2020-05-14,,0.0,0.0,Neutral,
2020-05-13,"Fed Jerome Powell Says More Relief Spending May Be  Costly , But Worth It  : Coronavirus Live Updates : NPR",0.1122789115646258,0.331023885307174,Positive,English
2020-05-13,,0.0,0.0,Neutral,
2020-05-13,,0.0,0.0,Neutral,
2020-05-12,"With unemployment at depression levels , even all the Fed money printing cant muster much inflation",0.4,0.040146149539412035,Positive,English
2020-05-12,,0.0,0.0,Neutral,
2020-05-12,,0.0,0.0,Neutral,
2020-05-10,,0.0,0.0,Neutral,
2020-05-10,,0.0,0.0,Neutral,
2020-05-10,,0.0,0.0,Neutral,
2020-05-19,"Were in a new paradigm for stocks , this analyst argues . Get ready for permanently higher valuations . ",0.2215909090909091,0.2205126033375232,Positive,English
2020-05-19,RBNZ official says negative rates have  bad rap  ,-0.119090909090909,0.5649321119278016,Negative,English
2020-05-19,,0.0,0.0,Neutral,
2020-05-16,How Washington Learned to Embrace the Budget Deficit,0.1254177721919657,0.317740875533258,Positive,English
2020-05-16,,0.0,0.0,Neutral,
2020-05-16,,0.0,0.0,Neutral,
2020-05-15,Op - ed : Pandemic investing must embrace greater uncertainties,0.3359710197210198,0.10487760495114068,Positive,English
2020-05-15,,0.0,0.0,Neutral,
2020-05-15,,0.0,0.0,Neutral,
2020-05-18,Negative Interest Rates Explained : How Could They Affect You ? ,0.0310648541489663,0.4131289588770113,Negative,English
2020-05-18,,0.0,0.0,Neutral,
2020-05-18,,0.0,0.0,Neutral,
2020-05-17,Americans Have No Clue What Next on Inflation,0.0942720796264103,0.3492282739080298,Neutral,English
2020-05-17,,0.0,0.0,Neutral,
2020-05-17,,0.0,0.0,Neutral,
2020-05-23,,0.0,0.0,Neutral,
2020-05-23,,0.0,0.0,Neutral,
2020-05-23,,0.0,0.0,Neutral,
2020-05-24,Social Security Recipients Shouldnt Expect a  Raise  in 2021,0.1558560493326118,0.28696865378375136,Positive,English
2020-05-24,Social Security Recipients Shouldnt Expect a  Raise  in 2021,0.1558560493326118,0.28696865378375136,Positive,English
2020-05-24,,0.0,0.0,Neutral,
2020-05-22,Gold prices could move higher if these 2 things happen with the economy and market timers,0.0945833333333333,0.3489136053725692,Neutral,English
2020-05-22,"Goldman Sachs Is Hosting A Client Call About Bitcoin , Gold and Inflation",0.06108658008658,0.3827778583995959,Neutral,English
2020-05-22,,0.0,0.0,Neutral,
2020-05-21,FOREX - Dollar nurses losses as currency markets eye recovery prospects,0.1023643410852713,0.3410472305816804,Positive,English
2020-05-21,Mortgage rates fall to near - historic low on concerns about coronavirus pandemic,-0.0259259259259259,0.4707449965403285,Negative,English
2020-05-21,,0.0,0.0,Neutral,
2020-05-20,,0.0,0.0,Neutral,
2020-05-20,,0.0,0.0,Neutral,
2020-05-20,,0.0,0.0,Neutral,
2020-05-26,,0.0,0.0,Neutral,
2020-05-26,,0.0,0.0,Neutral,
2020-05-26,,0.0,0.0,Neutral,
2020-05-27,Today Interest Rate Environment - A Challenge For Investors And Their Fixed Income Allocation,0.0840300448786687,0.35958267612887007,Neutral,English
2020-05-27,Why Post - Coronavirus Will Basically Force Everyone Into Equities,0.0849675324675324,0.3586349031705445,Neutral,English
2020-05-27,"U . S . economy is near bottom , poised for rebound , Fed Williams says",0.2295454545454545,0.2124707869261425,Positive,English
2020-05-28,Negative Rates : Four Real World Experiences,0.0369558618769144,0.4071733196897196,Negative,English
2020-05-28,The First Quarter Was A Disaster . What Comes Next ? ,0.1223307359307359,0.3208617803052459,Positive,English
2020-05-28,,0.0,0.0,Neutral,
2020-05-25,,0.0,0.0,Neutral,
2020-05-25,,0.0,0.0,Neutral,
2020-05-25,,0.0,0.0,Neutral,
2020-05-29,"Here what the Fed will do next , according to a Goldman Sachs economist",0.0006392045454545,0.4438884145500725,Negative,English
2020-05-29,Fed Actions Boost Markets Now . But They Might Take a Toll Later . ,0.0975694444444444,0.3458947330213128,Neutral,English
2020-05-29,The thin red line - China economists debate deficit monetisation | Finance & economics,0.0772783251231527,0.36640847039269264,Neutral,English
2020-05-31,What are negative interest rates ? Here what you need to know,0.0556797761986441,0.38824398144679956,Neutral,English
2020-05-31,"Negative interest rates : What they are , how they work and whether they are coming to the U . S . ",0.0502482227252869,0.3937351256122247,Neutral,English
2020-05-31,,0.0,0.0,Neutral,
2020-05-30,,0.0,0.0,Neutral,
2020-05-30,,0.0,0.0,Neutral,
2020-05-30,,0.0,0.0,Neutral,
2020-06-03,Federal Endorses Ethereum - Backed Alternative To Libor,0.1407280598189689,0.3022626155867468,Positive,English
2020-06-03,,0.0,0.0,Neutral,
2020-06-03,,0.0,0.0,Neutral,
2020-06-02,South Korea inflation slows to 8 - month low,0.0,0.4445346319402727,Negative,English
2020-06-02,Buttonwood - What is the link between inflation and equity returns ? | Finance & economics,0.0308095238095238,0.41338709049820643,Negative,English
2020-06-02,,0.0,0.0,Neutral,
2020-06-01,Pakistan inflation rate slows to 8 . 22 % y / y in May,-0.0999999999999999,0.5456317525404878,Negative,English
2020-06-01,Buttonwood - What is the link between inflation and equity returns ? | Finance & economics,0.0308095238095238,0.41338709049820643,Negative,English
2020-06-01,,0.0,0.0,Neutral,
2020-06-04,Does gold belong in a retirement portfolio ? ,0.1408163265306122,0.30217338048282694,Positive,English
2020-06-04,"Get ready for the Fed to start targeting bond yields outright in September , says BAML analyst",0.14,0.3029986630999715,Positive,English
2020-06-04,,0.0,0.0,Neutral,
2020-06-07,How To Invest Safely During Covid - 19,0.0980871933621933,0.34537130377352987,Neutral,English
2020-06-07,,0.0,0.0,Neutral,
2020-06-07,,0.0,0.0,Neutral,
2020-06-08,,0.0,0.0,Neutral,
2020-06-08,,0.0,0.0,Neutral,
2020-06-08,,0.0,0.0,Neutral,
2020-06-06,10 Ways COVID - 19 Will Affect Social Security,0.1269316104770651,0.31621042861647886,Positive,English
2020-06-06,,0.0,0.0,Neutral,
2020-06-06,,0.0,0.0,Neutral,
2020-06-05,May job surprising job gain dents view that Fed will stay at zero for years,0.0687499999999999,0.3750303615276249,Neutral,English
2020-06-05,,0.0,0.0,Neutral,
2020-06-05,,0.0,0.0,Neutral,
2020-06-13,"U . S . consumer confidence rises ; COVID - 19 , unemployment shadow lingers",0.0919538606403013,0.3515719265521935,Neutral,English
2020-06-13,,0.0,0.0,Neutral,
2020-06-13,,0.0,0.0,Neutral,
2020-06-12,"Fed economic forecasts are all over the map , a sign of how uncertain these times are",0.3448352441209585,0.09591612931926091,Positive,English
2020-06-12,,0.0,0.0,Neutral,
2020-06-12,,0.0,0.0,Neutral,
2020-06-10,The Federal Reserve June Meeting Gives Hope for a V - Shaped Recovery -- Here Why,0.2828767123287671,0.1585544209273353,Positive,English
2020-06-10,The Federal Reserve June Meeting Gives Hope for a V - Shaped Recovery -- Here Why,0.2828767123287671,0.1585544209273353,Positive,English
2020-06-10,,0.0,0.0,Neutral,
2020-06-09,Tomorrow problem - Dont worry about inflation yet | Leaders,0.1050881261595547,0.33829356230024143,Positive,English
2020-06-09,"Asia markets : China inflation data , the Fed , coronavirus in focus",0.3957346632346631,0.04445828219307002,Positive,English
2020-06-09,William Blair Commentary : Why Rates Are Low,0.0768411858309118,0.36685040563016036,Neutral,English
2020-06-11,"Stocks Tumble As The Fed Warns Of A Long Recovery , Coronavirus Cases Spike",0.0334102654451491,0.4107578155903383,Negative,English
2020-06-11,,0.0,0.0,Neutral,
2020-06-11,,0.0,0.0,Neutral,
2020-06-17,Low Inflation Makes Powell a Dove . How It Affects Gold ? ,0.0683692185007974,0.37541532065909694,Neutral,English
2020-06-17,One Analyst Thinks Apple Stock Is Worth $400 A Share : Is He Right ? ,0.3171296296296297,0.12392570781459028,Positive,English
2020-06-17,,0.0,0.0,Neutral,
2020-06-18,,0.0,0.0,Neutral,
2020-06-18,,0.0,0.0,Neutral,
2020-06-18,,0.0,0.0,Neutral,
2020-06-16,One Analyst Thinks Apple Stock Is Worth $400 A Share : Is He Right ? ,0.3171296296296297,0.12392570781459028,Positive,English
2020-06-16,,0.0,0.0,Neutral,
2020-06-16,,0.0,0.0,Neutral,
2020-06-15,,0.0,0.0,Neutral,
2020-06-15,,0.0,0.0,Neutral,
2020-06-15,,0.0,0.0,Neutral,
2020-06-14,Week Ahead – Market Recovery Under Threat ? ,0.0256134189577898,0.4186402028866776,Negative,English
2020-06-14,Big Week Ahead,0.0696217426364485,0.37414905482313093,Neutral,English
2020-06-14,,0.0,0.0,Neutral,
2020-06-22,Here what interest rates are saying about stock and bond returns for the next 5 years the bulls wont believe it,0.0906818181818181,0.35285792485053225,Neutral,English
2020-06-22,,0.0,0.0,Neutral,
2020-06-22,,0.0,0.0,Neutral,
2020-06-19,The  Single Greatest Predictor of Future Stock Market Return has a message for us from 2030,0.2525974025974026,0.18916593120336556,Positive,English
2020-06-19,"Goldman hikes 12 - month gold price forecast to $2 , 000 / oz",0.0631944444444444,0.38064686822763677,Neutral,English
2020-06-19,,0.0,0.0,Neutral,
2020-06-23,"The Fed Model is almost always bullish , which makes it a perfect face for this too - good - to - be - true stock market",0.0631318681318681,0.38071013107782925,Neutral,English
2020-06-23,Apple Closes at Record High Amid Chip Announcement,0.150515873015873,0.2923674182749489,Positive,English
2020-06-23,Fed Bullard doesnt see signs a damaging asset bubble is forming,-0.1466666666666666,0.5928104088205882,Negative,English
2020-06-20,3 Social Security Benefit Cuts That Are on the Table,0.2048090523338047,0.2374785773022084,Positive,English
2020-06-20,3 Social Security Benefit Cuts That Are on the Table,0.2048090523338047,0.2374785773022084,Positive,English
2020-06-20,Japan deflation gathers momentum as prices extend declines,0.0413793103448275,0.40270134065742513,Negative,English
2020-06-21,It Time to Kiss Your Social Security COLA in 2021 Goodbye,0.153751424014582,0.28909636937970257,Positive,English
2020-06-21,3 Social Security Benefit Cuts That Are on the Table,0.2048090523338047,0.2374785773022084,Positive,English
2020-06-21,3 Social Security Benefit Cuts That Are on the Table,0.2048090523338047,0.2374785773022084,Positive,English
2020-06-26,Inflation Baked In As U . S . Money Supply Explodes,0.1257861151194484,0.31736849143963847,Positive,English
2020-06-26,Coronavirus legacy will be weak global inflation : economists,0.0484230324074074,0.39558034046907475,Negative,English
2020-06-26,,0.0,0.0,Neutral,
2020-06-28,OGE Energy Corp .: Attractive Value Above - Average Dividend Yield,0.144001275033021,0.298953489254292,Positive,English
2020-06-28,,0.0,0.0,Neutral,
2020-06-28,,0.0,0.0,Neutral,
2020-06-24,Why This One  Safe - Haven  Investment May Be Far Riskier Than You Think,0.0645907605466428,0.37923523285383703,Neutral,English
2020-06-24,Bank stocks may  rally powerfully  once investors realize their concerns are overblown,0.0466666666666666,0.3973559756601724,Negative,English
2020-06-24,Treasury yields tilt higher as bond - market shrugs off tariff and coronavirus fears,0.24,0.20190154249975634,Positive,English
2020-06-27,Take Five : World stock 2020 rollercoaster ride rumbles on,0.0414583209788689,0.4026214631814413,Negative,English
2020-06-27,Should You Buy Apple Stock Right Now ? ,0.2016323254695347,0.24069015669131888,Positive,English
2020-06-27,"WRAPUP 2 - U . S . consumer spending rebounds ; falling income , surging COVID - 19 cases loom",0.0910978835978836,0.3524372946950767,Neutral,English
2020-06-25,Worried About Inflation ? Dont Change a Thing,0.1315262100308829,0.3115654207644587,Positive,English
2020-06-25,,0.0,0.0,Neutral,
2020-06-25,,0.0,0.0,Neutral,
2020-06-29,"Inflation Protection : Bitcoin , Gold And Silver",0.0837841645533953,0.35983125405784394,Neutral,English
2020-06-29,,0.0,0.0,Neutral,
2020-06-29,,0.0,0.0,Neutral,
2020-07-01,,0.0,0.0,Neutral,
2020-07-01,,0.0,0.0,Neutral,
2020-07-01,,0.0,0.0,Neutral,
2020-07-02,Could the iPhone 12 Propel Apple Stock Past $500 ? ,0.1809786032366676,0.26157047516551396,Positive,English
2020-07-02,,0.0,0.0,Neutral,
2020-07-02,,0.0,0.0,Neutral,
2020-07-03,,0.0,0.0,Neutral,
2020-07-03,,0.0,0.0,Neutral,
2020-07-03,,0.0,0.0,Neutral,
2020-06-30,Inflation Will Come : Here Are Five Ways To Combat It,0.0984487179487179,0.3450058128262917,Neutral,English
2020-06-30,4 safe ways to beat those sinking money market fund yields,0.0954545454545454,0.34803283500370374,Neutral,English
2020-06-30,"The Zacks Analyst Blog Highlights : China Mobile , Deutsche Telecom , Zoom Video and FedEx",0.0655392967372134,0.3782762900773192,Neutral,English
2020-07-08,Stock market news today : Dow and S & P 500 updates,0.0750336035492285,0.36867781926942184,Neutral,English
2020-07-08,,0.0,0.0,Neutral,
2020-07-08,,0.0,0.0,Neutral,
2020-07-04,3 Reasons the COVID - 19 Recession Will Be Especially Devastating to Millennials,0.1979381443298969,0.2444248674532489,Positive,English
2020-07-04,3 Reasons the COVID - 19 Recession Will Be Especially Devastating to Millennials,0.1979381443298969,0.2444248674532489,Positive,English
2020-07-04,,0.0,0.0,Neutral,
2020-07-07,Treasury yields inch lower ahead of first bond auction of week,-0.0125,0.4571717720152996,Negative,English
2020-07-07,,0.0,0.0,Neutral,
2020-07-07,,0.0,0.0,Neutral,
2020-07-06,Dont Try To Time The Fed,0.1343613430220573,0.30869918294519466,Positive,English
2020-07-06,"The Fed Doesnt Just Print Money , It Also Prints Alpha",0.1210341391281985,0.32217260233840567,Positive,English
2020-07-06,,0.0,0.0,Neutral,
2020-07-05,"For Social Security Beneficiaries , This Is the Most Important Time of the Year",0.1844894418558541,0.258021118412596,Positive,English
2020-07-05,"Beware of debt costs and an inflationary bite , former united kingdom advisers say",-0.0342857142857142,0.4791965018603464,Negative,English
2020-07-05,,0.0,0.0,Neutral,
2020-07-11,,0.0,0.0,Neutral,
2020-07-11,,0.0,0.0,Neutral,
2020-07-11,,0.0,0.0,Neutral,
2020-07-12,Fed aggressive monetary policy behind the stock market rally,0.1186486072849709,0.32458430634291,Positive,English
2020-07-12,,0.0,0.0,Neutral,
2020-07-12,,0.0,0.0,Neutral,
2020-07-13,Here Are 43 Stocks for Disinflationary Times . Many Arent Household Names . ,0.1871527777777777,0.2553285624836201,Positive,English
2020-07-13,,0.0,0.0,Neutral,
2020-07-13,,0.0,0.0,Neutral,
2020-07-09,When Low Yields Can Be a Good Deal for Investors,0.0221153846153846,0.4221766148844559,Negative,English
2020-07-09,E Pluribus Unum US Dollar In Trouble ? ,0.1086162646876932,0.33472671583750657,Positive,English
2020-07-09,World stocks and gold prices : Analysts expect yellow metal to rally,0.394780488871398,0.04542292499983647,Positive,English
2020-07-10,Falling Services and Food Prices Keep Lid on Overall Inflation,-0.0101190476190476,0.4547646977152945,Negative,English
2020-07-10,,0.0,0.0,Neutral,
2020-07-10,,0.0,0.0,Neutral,
2020-07-17,Gold Could Overtake Treasuries in Global Hedging Battle,0.1260416666666666,0.3171101361837516,Positive,English
2020-07-17,What Is the U . S . Budget Deficit and Does It Matter ? ,0.2054545454545454,0.23682600234346707,Positive,English
2020-07-17,,0.0,0.0,Neutral,
2020-07-15,What Is Inflation And How Does It Work ? ,0.0605103027054246,0.3833604582386143,Neutral,English
2020-07-15,AUD trades sideways as broader ranges narrow,0.0842549923195084,0.35935526074331725,Neutral,English
2020-07-15,,0.0,0.0,Neutral,
2020-07-14,WRAPUP 1 - Gasoline powers U . S . inflation ; rising COVID - 19 cases seen tamping down demand,0.1203149920255183,0.3228996393520952,Positive,English
2020-07-14,,0.0,0.0,Neutral,
2020-07-14,,0.0,0.0,Neutral,
2020-07-18,,0.0,0.0,Neutral,
2020-07-18,,0.0,0.0,Neutral,
2020-07-18,,0.0,0.0,Neutral,
2020-07-16,A lurking tension threatens to break the bond market out of its summer doldrums,0.0,0.4445346319402727,Negative,English
2020-07-16,,0.0,0.0,Neutral,
2020-07-16,,0.0,0.0,Neutral,
2020-07-20,Retirees should consider today most unpopular investment here why,0.0888888888888888,0.35467052474008154,Neutral,English
2020-07-20,3 Reasons Youll Be Disappointed with Your Social Security Benefit and How to Fix It,0.2667714884696019,0.17483633851517016,Positive,English
2020-07-20,,0.0,0.0,Neutral,
2020-07-23,Investors seek out riskier bonds in Asia amid low interest rates,0.0748737373737373,0.36883943936965713,Neutral,English
2020-07-23,Macroeconomics - Governments must beware the lure of free money | Leaders,0.0934736980191525,0.35003541472436916,Neutral,English
2020-07-23,Why trillions of dollars in economic stimulus may not create inflation,0.412459496442255,0.027549957395005986,Positive,English
2020-07-21,Op - ed : Fed policies have contributed to black unemployment,0.3489253388621369,0.09178116130610875,Positive,English
2020-07-21,Blow To Bitcoin As Binance CEO Makes  Safe Haven  Stock Market Crash Warning,0.0624330348014558,0.38141663145267063,Neutral,English
2020-07-21,,0.0,0.0,Neutral,
2020-07-22,"Money - Printer Go Brrr , Bitcoin Go Zzz : Why Crypto Gone Quiet",0.1696631493506493,0.2730100732271236,Positive,English
2020-07-22,Inflation Is Coming . Here How Im Getting Ready,0.13786470143613,0.30515738846426177,Positive,English
2020-07-22,,0.0,0.0,Neutral,
2020-07-19,5 Surprising Ways COVID - 19 Is Crushing Social Security,0.1666347081684505,0.27607174006139773,Positive,English
2020-07-19,3 Reasons Youll Be Disappointed with Your Social Security Benefit and How to Fix It,0.2667714884696019,0.17483633851517016,Positive,English
2020-07-19,,0.0,0.0,Neutral,
2020-07-25,The Safest Place to Stash Your Cash Right Now,0.2619481206624063,0.17971262448420267,Positive,English
2020-07-25,"The Average Social Security Beneficiary Has Lost Over $4 , 500 in Annual Purchasing Power Since 2000",0.2118776916451336,0.23033238649284,Positive,English
2020-07-25,Good News : You Might Get a Social Security COLA in 2021 After All,0.1934097384097383,0.2490029554476189,Positive,English
2020-07-24,"Gold Clears a Hurdle at the $1 , 900 Mark",0.1777777777777777,0.26480641753989026,Positive,English
2020-07-24,Starting over again - The covid - 19 pandemic is forcing a rethink in macroeconomics | Briefing,0.1042826221397649,0.3391079036705679,Positive,English
2020-07-24,"  I would be buying now and continue to buy , says investing pioneer of gold",0.0,0.4445346319402727,Negative,English
2020-07-26,What behind gold rally ? The world economy is in trouble,0.1636694062781019,0.2790695748896439,Positive,English
2020-07-26,,0.0,0.0,Neutral,
2020-07-26,,0.0,0.0,Neutral,
2020-07-27,New Gold Rush Pushes Price to Record Highs,0.171002435064935,0.27165609393337076,Positive,English
2020-07-27,Fed Will All But Guarantee Negative Real Yields,0.0691700705208769,0.3746056823265279,Neutral,English
2020-07-27,How the Fed could push mortgage rates even lower this week,-0.0044468494468494,0.449030268688464,Negative,English
2020-07-28,Fed interest rates : Fed could signal near - zero rates for even longer,0.0688932980599647,0.3748854913151245,Neutral,English
2020-07-28,,0.0,0.0,Neutral,
2020-07-28,,0.0,0.0,Neutral,
2020-07-31,"10 - year Treasury yield plunged to its lowest in 234 years , says Deutsche Bank",0.0,0.4445346319402727,Negative,English
2020-07-31,Trump  gold bug  puts the Federal Reserve at risk,0.1315519729312833,0.3115393752139708,Positive,English
2020-07-31,,0.0,0.0,Neutral,
2020-08-02,,0.0,0.0,Neutral,
2020-08-02,,0.0,0.0,Neutral,
2020-08-02,,0.0,0.0,Neutral,
2020-08-01,"Expecting More Stimulus , Experts Say  Dont Fight The Fed  ",0.1243882506382506,0.3187816921800226,Positive,English
2020-08-01,"The Average Social Security Beneficiary Has Lost Over $4 , 500 in Annual Purchasing Power Since 2000",0.2118776916451336,0.23033238649284,Positive,English
2020-08-01,Biden Wants The Fed To Help Close Racial Economic Gaps . How Would That Work ? ,0.0695920547706261,0.3741790684006451,Neutral,English
2020-07-29,"Fed sees some pickup in economy , but maintains dovish policy stance",0.0333900226757369,0.41077828044734377,Negative,English
2020-07-29,,0.0,0.0,Neutral,
2020-07-29,,0.0,0.0,Neutral,
2020-07-30,Cramer bemoans talk of a Fed - induced market bubble :  Im sick and tired  ,0.4239644565960354,0.015918773953331966,Positive,English
2020-07-30,Dollar will weaken further while bond yields strengthen : Wells Fargo,0.4316717772967772,0.00812689464945765,Positive,English
2020-07-30,,0.0,0.0,Neutral,
2020-08-04,Greenlight David Einhorn is betting big on inflation . Here are his latest moves,0.4753843631116358,0.0,Positive,English
2020-08-04,The Fed is expected to make a major commitment to ramping up inflation soon,0.3455306735306734,0.09521307021023206,Positive,English
2020-08-04,Gold Just Broke $2000 . Here How It Gets to $2500 . ,0.1045454545454545,0.33884218767641144,Positive,English
2020-08-03,Jeremy Siegel On Why Rising Stocks Wont Peter Out,0.1267234028597665,0.3164209205224381,Positive,English
2020-08-03,Stimulus should be passed amid strong savings rate : Fed Kashkari,0.1284523809523809,0.31467297345499634,Positive,English
2020-08-03,,0.0,0.0,Neutral,
2020-08-06,Economics Needs New Theories About Stimulus and Inflation,0.0738238802014312,0.36990081474127345,Neutral,English
2020-08-06,Gold At $3K ? $50 Silver ? BofA Raises Metal Price Targets,0.1795861049519586,0.26297825083576215,Positive,English
2020-08-06,,0.0,0.0,Neutral,
2020-08-05,Gold At $3K ? $50 Silver ? BofA Raises Metal Price Targets,0.1795861049519586,0.26297825083576215,Positive,English
2020-08-05,The ballooning money supply may be the key to unlocking inflation in the U . S . ,0.3556465231465232,0.08498623752436002,Positive,English
2020-08-05,,0.0,0.0,Neutral,
2020-08-07,"Citi economists explain why gold surged above $2 , 000",0.427873866213152,0.011966473397959143,Positive,English
2020-08-07,Stock Investor Best Hedges : Gold and TIPS,0.13,0.313108375159993,Positive,English
2020-08-07,Markets could be challenged by Washington stimulus talks and China tensions,0.3733323828533408,0.06710634260737375,Positive,English
2020-08-10,"Here how record negative  real yield are driving a crowded rally in stocks , gold and everything else",-0.0399999999999999,0.4849734801803587,Negative,English
2020-08-10,,0.0,0.0,Neutral,
2020-08-10,,0.0,0.0,Neutral,
2020-08-11,,0.0,0.0,Neutral,
2020-08-11,,0.0,0.0,Neutral,
2020-08-11,,0.0,0.0,Neutral,
2020-08-08,New Measure Shows How Bonds Have Beaten Stocks For Decades,0.1344993141289437,0.3085596981288723,Positive,English
2020-08-08,Opinion | Why Is Everyone Investing in Gold ? - The New York Times,0.1248917748917748,0.31827264365818586,Positive,English
2020-08-08,Letters to the Editor of Barron - MarketWatch,0.0376022126022126,0.4065198777174645,Negative,English
2020-08-12,,0.0,0.0,Neutral,
2020-08-12,,0.0,0.0,Neutral,
2020-08-12,,0.0,0.0,Neutral,
2020-08-09,The Federal Reserve New Inflation Target Is Insulting And Backwards,0.0840963491636568,0.35951564440591255,Neutral,English
2020-08-09,"If Youd Invested $100 in Coca - Cola IPO , This Is How Much Money Youd Have Now",0.2307570478302186,0.21124590100186041,Positive,English
2020-08-09,"Lyft , DraftKings , Marriott , Cisco , and Other Stocks for Investors to Watch This Week",0.0399305555555555,0.40416599003393683,Negative,English
2020-08-15,S & P 500 Closes Week Near Record High . Is This a Stock - Market Bubble ? ,0.282,0.15944075184766598,Positive,English
2020-08-15,These money and investing tips can help your financial portfolio through any late summer storms,0.1086363636363636,0.3347063963791299,Positive,English
2020-08-15,,0.0,0.0,Neutral,
2020-08-16,Here What Itd Take for Social Security 2021 COLA to Be Bigger Than 2020 ,0.1848144488361879,0.2576925457137289,Positive,English
2020-08-16,,0.0,0.0,Neutral,
2020-08-16,,0.0,0.0,Neutral,
2020-08-14,"Inflation is low now , but it still poses a big threat to retiree financial security",0.1544871794871795,0.288352541782248,Positive,English
2020-08-14,Stagflation Looms Over This Market . What It Means for Investors . ,0.0375,0.406623211715192,Negative,English
2020-08-14,,0.0,0.0,Neutral,
2020-08-17,,0.0,0.0,Neutral,
2020-08-17,,0.0,0.0,Neutral,
2020-08-17,,0.0,0.0,Neutral,
2020-08-13,"Stocks rebound on Wall Street , S & P 500 trades above record",0.0807110243852668,0.3629381102798305,Neutral,English
2020-08-13,,0.0,0.0,Neutral,
2020-08-13,,0.0,0.0,Neutral,
2020-08-22,Social Security 2021 COLA : It a Good News / Bad News Scenario,0.1657827221797811,0.27693307336385975,Positive,English
2020-08-22,,0.0,0.0,Neutral,
2020-08-22,,0.0,0.0,Neutral,
2020-08-20,Fed officials worry about U . S . pullback on financial aid,0.031562049062049,0.412626309136114,Negative,English
2020-08-20,,0.0,0.0,Neutral,
2020-08-20,,0.0,0.0,Neutral,
2020-08-21,"Wall Street Week Ahead : No elk or trout , but Fed virtual retreat may stoke market  animal spirits  ",0.0331016800659657,0.41106978652328596,Negative,English
2020-08-21,How to Prepare Your Portfolio for a Weaker Dollar,0.1778508771929824,0.26473251613594273,Positive,English
2020-08-21,,0.0,0.0,Neutral,
2020-08-19,Fed officials worry about U . S . pullback on financial aid,0.031562049062049,0.412626309136114,Negative,English
2020-08-19,,0.0,0.0,Neutral,
2020-08-19,,0.0,0.0,Neutral,
2020-08-18,Morgan Stanley takes victory lap of sorts on inflation call as they offer three reasons why prices will accelerate past Federal Reserve targets,-0.09375,0.5393131825029744,Negative,English
2020-08-18,,0.0,0.0,Neutral,
2020-08-18,,0.0,0.0,Neutral,
2020-08-23,"Stock market crashes , extreme swings to persist post - COVID , quants say",0.0668360624882364,0.3769652972421052,Neutral,English
2020-08-23,,0.0,0.0,Neutral,
2020-08-23,,0.0,0.0,Neutral,
2020-08-25,What Is Deflation ? ,0.0746492575524833,0.3690663820052734,Neutral,English
2020-08-25,Destructive inflation will be the price we pay for free money in the economy,-0.0499999999999999,0.49508319224038017,Negative,English
2020-08-25,Inflation will become a serious headwind on a vaccine : Peter Boockvar,0.4289073328862061,0.010921668349138658,Positive,English
2020-08-27,Tokenomics Of The U . S . Dollar,0.0956704687322665,0.3478145427872221,Neutral,English
2020-08-27,What The Fed New Stance On Inflation Means For You,0.0843109668109668,0.3592986721441822,Neutral,English
2020-08-27,,0.0,0.0,Neutral,
2020-08-24,"Gold , Inflation , Cash Or Deflation : Which Side Are You On ? ",0.0836293685988807,0.3599877483106638,Neutral,English
2020-08-24,Hidden figures - Why does low unemployment no longer lift inflation ? | Schools brief,0.0692833951762523,0.37449111436301324,Neutral,English
2020-08-24,Gold recoups early losses as dollar eases,0.4682610659439928,0.0,Positive,English
2020-08-26,The Fed Should Prepare for Steep Climb at a Virtual Jackson Hole,0.0802394995877139,0.36341480827307243,Neutral,English
2020-08-26,,0.0,0.0,Neutral,
2020-08-26,,0.0,0.0,Neutral,
2020-08-31,Is Headline CPI Inflation  Fake News ? ,0.1415118805544337,0.30147019539252445,Positive,English
2020-08-31,Fed Clarida says new inflation - fighting strategy has roots in failure of old approach,0.0558922558922558,0.388029170594698,Neutral,English
2020-08-31,,0.0,0.0,Neutral,
2020-08-29,3 things to know about Apple stock split,0.2333333333333333,0.20864135053977068,Positive,English
2020-08-29,3 things to know about Apple stock split,0.2333333333333333,0.20864135053977068,Positive,English
2020-08-29,Fed new policy may have ushered in a new era of uncertainty on Wall Street,0.1818181818181818,0.26072168539442697,Positive,English
2020-09-01,Brainard says Fed should shift to more aggressive strategy to boost the economy,0.246,0.1958357152637434,Positive,English
2020-09-01,The dollar fall is likely to continue -- here why you can thank the Fed,0.046590909090909,0.3974325643878998,Negative,English
2020-09-01,,0.0,0.0,Neutral,
2020-08-28,5 things to know about Tesla ahead of its 5 - for - 1 stock split,0.35,0.09069470983951966,Positive,English
2020-08-28,The Fed Unveils Its Everything - Old - Is - New - Again Monetary Policy,-0.0018465909090909,0.44640148217862896,Negative,English
2020-08-28,The Fed Uncaps Its 2 % Inflation Target With Most Costs Above That Already,0.0685196394942157,0.3752632493659728,Neutral,English
2020-08-30,Three things you need to know about Apple stock split,0.2333333333333333,0.20864135053977068,Positive,English
2020-08-30,Three things you need to know about Apple stock split,0.3333333333333333,0.10754422993955554,Positive,English
2020-08-30,Three things you need to know about Apple stock split,0.2333333333333333,0.20864135053977068,Positive,English
2020-09-05,,0.0,0.0,Neutral,
2020-09-05,,0.0,0.0,Neutral,
2020-09-05,,0.0,0.0,Neutral,
2020-09-04,Fed Powell : Jobless Rate Better Than Expected ; Recovery To Take A Long Time : NPR,0.1388383838383838,0.3041730235917922,Positive,English
2020-09-04,,0.0,0.0,Neutral,
2020-09-04,,0.0,0.0,Neutral,
2020-09-03,What the Fed New Long - Run Inflation Outlook Means for Your Portfolio,0.1389560885181323,0.30405402754975475,Positive,English
2020-09-03,This former Japanese central banker stood alone against QE -- here what worries him now,-0.0428571428571428,0.48786196934036485,Negative,English
2020-09-03,,0.0,0.0,Neutral,
2020-09-02,Stock market investing strategy for V - shaped recovery : Morgan Stanley,0.0949236685032139,0.3485695363154301,Neutral,English
2020-09-02,,0.0,0.0,Neutral,
2020-09-02,,0.0,0.0,Neutral,
2020-09-06,,0.0,0.0,Neutral,
2020-09-06,,0.0,0.0,Neutral,
2020-09-06,,0.0,0.0,Neutral,
2020-09-10,Alan Greenspan lists inflation and the budget deficit as his biggest concerns,0.4468619929453262,0.0,Positive,English
2020-09-10,,0.0,0.0,Neutral,
2020-09-10,,0.0,0.0,Neutral,
2020-09-11,"Consumer prices rise sharply for third month in a row , but inflation still low and expected to stay that way",0.1839285714285714,0.258588142264877,Positive,English
2020-09-11,,0.0,0.0,Neutral,
2020-09-11,,0.0,0.0,Neutral,
2020-09-09,European Central Bank could announce policy tweaks this week,0.3745826499242649,0.0658423585988569,Positive,English
2020-09-09,Is Inflation Targeting Due for a Makeover ? ,0.1030945545682387,0.3403090057761658,Positive,English
2020-09-09,,0.0,0.0,Neutral,
2020-09-07,,0.0,0.0,Neutral,
2020-09-07,,0.0,0.0,Neutral,
2020-09-07,,0.0,0.0,Neutral,
2020-09-08,Why Apple Stock Dropped Today | The Motley Fool,0.2919405320813772,0.14939116014105297,Positive,English
2020-09-08,,0.0,0.0,Neutral,
2020-09-08,,0.0,0.0,Neutral,
2020-09-15,,0.0,0.0,Neutral,
2020-09-15,,0.0,0.0,Neutral,
2020-09-15,,0.0,0.0,Neutral,
2020-09-12,Inflation Is Popping Up in the Strangest Places,0.033053613053613,0.4111183808887331,Negative,English
2020-09-12,Used cars drive U . S . consumer prices higher ; inflation pressures firming,0.1398068715322236,0.3031939104199527,Positive,English
2020-09-12,Tech falters again as Wall Street ends worst week in months,0.0364412546517809,0.40769357277673024,Negative,English
2020-09-14,,0.0,0.0,Neutral,
2020-09-14,,0.0,0.0,Neutral,
2020-09-14,,0.0,0.0,Neutral,
2020-09-13,The 2021 Social Security COLA Will Be Disappointing -- but at Least Therell Be One,0.1787104418569936,0.26386352101093047,Positive,English
2020-09-13,,0.0,0.0,Neutral,
2020-09-13,,0.0,0.0,Neutral,
2020-09-16,SocGen Asked a Machine to Figure Out an Inflation - Hedging Strategy . The Robot Couldnt Come Up With One . ,0.0333333333333333,0.410835591740201,Negative,English
2020-09-16,,0.0,0.0,Neutral,
2020-09-16,,0.0,0.0,Neutral,
2020-09-17,Pound and gilt yields drop after surprisingly dovish Bank of England minutes,0.1866666666666666,0.25582000681987116,Positive,English
2020-09-17,Asian and European Stocks Slide After Fed Stance Doesnt Shock and Awe Markets,-0.0571428571428571,0.5023044151403956,Negative,English
2020-09-17,,0.0,0.0,Neutral,
2020-09-20,,0.0,0.0,Neutral,
2020-09-20,,0.0,0.0,Neutral,
2020-09-20,,0.0,0.0,Neutral,
2020-09-19,Five Assets Retirement Portfolios Should Hold to Hedge Against Inflation Risks,-0.055,0.500138048270391,Negative,English
2020-09-19,,0.0,0.0,Neutral,
2020-09-19,,0.0,0.0,Neutral,
2020-09-18,Fed Kashkari says warnings of uncontrollable inflation are just  ghost stories  ,-0.125,0.5709060326905416,Negative,English
2020-09-18,,0.0,0.0,Neutral,
2020-09-18,,0.0,0.0,Neutral,
2020-09-21,Fed Kaplan says worried new forward guidance will spark risky trading,0.0454545454545454,0.3985813953038113,Negative,English
2020-09-21,,0.0,0.0,Neutral,
2020-09-21,,0.0,0.0,Neutral,
2020-09-26,"My Favorite Buys For $45 , 000 Of Dividends In Any Market",0.109711539704077,0.33361942433328906,Positive,English
2020-09-26,The September market swoon accomplished most of what corrections are supposed to do,0.3103380264595218,0.1307918230621623,Positive,English
2020-09-26,,0.0,0.0,Neutral,
2020-09-25,How to nearly triple your return with U . S . Treasurys,0.0296296296296296,0.414579929540209,Negative,English
2020-09-25,,0.0,0.0,Neutral,
2020-09-25,,0.0,0.0,Neutral,
2020-09-22,Market Crash : Should You Buy Bonds Now ? ,0.183063938459622,0.25946226130024497,Positive,English
2020-09-22,Combined Net Worth of American Households Hits Record $119 Trillion,0.0868909331409331,0.35669040047213124,Neutral,English
2020-09-22,,0.0,0.0,Neutral,
2020-09-23,,0.0,0.0,Neutral,
2020-09-23,,0.0,0.0,Neutral,
2020-09-23,,0.0,0.0,Neutral,
2020-09-24,,0.0,0.0,Neutral,
2020-09-24,,0.0,0.0,Neutral,
2020-09-24,,0.0,0.0,Neutral,
2020-09-28,Goldman picks the best stocks to play an inflation - sensitive environment,0.489043424958059,0.0,Positive,English
2020-09-28,,0.0,0.0,Neutral,
2020-09-28,,0.0,0.0,Neutral,
2020-09-27,Social Security 2021 COLA : How Much of a Raise Should Beneficiaries Expect ? ,0.1544157496447572,0.28842475529618616,Positive,English
2020-09-27,,0.0,0.0,Neutral,
2020-09-27,,0.0,0.0,Neutral,
2020-10-01,KKR warns the Fed could strike against financial market  froth  even with low interest rates,-0.0022727272727272,0.4468322937720957,Negative,English
2020-10-01,"What Your 401 ( k ) Can Do , 2020 - 2040 : 7 Best Buy Funds",0.0849286412512219,0.3586742210704008,Neutral,English
2020-10-01,How 2020 Broke Retiree 4 % Rule | The Motley Fool,0.1883029649947753,0.2541657563257238,Positive,English
2020-09-29,Fed Williams says he not worried about inflation,0.1592727272727273,0.2835144907661118,Positive,English
2020-09-29,Op - Ed : The Senate needs to reject Trump nominee for the Fed Board,0.1088068181818181,0.3345340717417432,Positive,English
2020-09-29,,0.0,0.0,Neutral,
2020-09-30,ECB Lagarde : inflation target could change amid policy review,0.3609353587197899,0.07963937704650753,Positive,English
2020-09-30,Dallas Fed Kaplan : Near - zero interest rates may be needed for 3 years,0.4364393420328673,0.003307023978519341,Positive,English
2020-09-30,"Palihapitiya says election wont matter , stocks going higher next 4 years :  You need to be long  ",0.4476285724667019,0.0,Positive,English
2020-10-04,Better Buy : Apple Stock or the Entire Nasdaq ? ,0.2136058386058386,0.22858527967582712,Positive,English
2020-10-04,Better Buy : Apple Stock or the Entire Nasdaq ? ,0.2136058386058386,0.22858527967582712,Positive,English
2020-10-04,,0.0,0.0,Neutral,
2020-10-05,First test of Fed new inflation - friendly policy could come in the spring,0.1545454545454545,0.2882936273763038,Positive,English
2020-10-05,,0.0,0.0,Neutral,
2020-10-05,,0.0,0.0,Neutral,
2020-10-06,"Watch Fed Chair Jerome Powell talk rates , the economy and pandemic stimulus live",0.4880861306271143,0.0,Positive,English
2020-10-06,"Gold Back Above $1 , 900 . What Could Send It Higher ? ",0.0806597384097384,0.36298995892436137,Neutral,English
2020-10-06,,0.0,0.0,Neutral,
2020-10-02,How to Build the Best Bond Portfolio for Crazy Times,-0.0319128787878787,0.4767976334954549,Negative,English
2020-10-02,,0.0,0.0,Neutral,
2020-10-02,,0.0,0.0,Neutral,
2020-10-03,How Pre - Retirees Should Be Thinking About 401 ( k ) Allocation in 2020,0.1782544011544012,0.26432456503001645,Positive,English
2020-10-03,,0.0,0.0,Neutral,
2020-10-03,,0.0,0.0,Neutral,
2020-10-09,Why gold may not climb to a fresh record before the year ends,0.2266666666666666,0.21538115857978507,Positive,English
2020-10-09,Nervous Investors Buy Gold At Record Pace On U . S . Election Fears,0.1222083201351493,0.3209855391497438,Positive,English
2020-10-09,Inflation Outpaces Fixed - Term Rates : Is Bitcoin The Solution ? ,0.1446323529411765,0.29831548766040267,Positive,English
2020-10-11,Wall Street firms see Fed tapering bond buys starting next year,0.0826515151515151,0.36097632998964035,Neutral,English
2020-10-11,"Goldman Sachs , Delta , JPMorgan , Walgreens , and Other Stocks for Investors to Watch This Week",0.1398809523809523,0.3031190168149718,Positive,English
2020-10-11,New Highs for Gold Prices May Be Out of Reach,0.1967640692640692,0.24561182353848576,Positive,English
2020-10-10,"Scene is set for a  generational opportunity  in equities , strategist says",0.4256039356381823,0.01426130784887747,Positive,English
2020-10-10,"Energy Stocks Look Dismal . It Time to Buy , Says a Money Manager . ",0.5,0.0,Positive,English
2020-10-10,The Stock Market Shrugs Off a Host of Fears,0.1747023809523809,0.26791555517739685,Positive,English
2020-10-07,Minutes of Fed meeting show unease among officials over new interest - rate strategy,0.0454545454545454,0.3985813953038113,Negative,English
2020-10-07,Fed minutes : ,0.4029169552669552,0.037197191755324044,Positive,English
2020-10-07,,0.0,0.0,Neutral,
2020-10-08,WHY IS THE MARKET SO STRONG WHILE THE ECONOMY IS SO WEAK,0.0811391727580252,0.3625052646030751,Neutral,English
2020-10-08,Interest rates - The eternal zero | Special report,0.1226686507936507,0.3205201581087589,Positive,English
2020-10-08,,0.0,0.0,Neutral,
2020-10-15,Rising Covid - 19 Cases In Europe Add To Market Jitters Over Elusive U . S . Stimulus Package,0.0603350970017636,0.38353758616014294,Neutral,English
2020-10-15,PIMCO sees low - return environment likely for next 3 - 5 years,0.0334546686375954,0.4107129252413205,Negative,English
2020-10-15,Could Rocket Companies Be a Millionaire Maker Stock ? ,0.1721297363031234,0.27051642484107175,Positive,English
2020-10-14,,0.0,0.0,Neutral,
2020-10-14,,0.0,0.0,Neutral,
2020-10-14,,0.0,0.0,Neutral,
2020-10-12,Is Apple Stock Overvalued ? | The Motley Fool,0.2152253302253302,0.2269480202801593,Positive,English
2020-10-12,,0.0,0.0,Neutral,
2020-10-12,,0.0,0.0,Neutral,
2020-10-13,Do the Winds Of Political Change Really Have An Effect On Investing ? ,0.1539792768959435,0.28886601667744144,Positive,English
2020-10-13,,0.0,0.0,Neutral,
2020-10-13,,0.0,0.0,Neutral,
2020-10-16,,0.0,0.0,Neutral,
2020-10-16,,0.0,0.0,Neutral,
2020-10-16,,0.0,0.0,Neutral,
2020-10-20,,0.0,0.0,Neutral,
2020-10-20,,0.0,0.0,Neutral,
2020-10-20,,0.0,0.0,Neutral,
2020-10-18,The Real Recession Is Just Starting,0.1099940619852124,0.3333338024420071,Positive,English
2020-10-18,"Congress coronavirus aid bill , fiscal stimulus worked until it was blocked",0.12479329004329,0.3183722090042315,Positive,English
2020-10-18,,0.0,0.0,Neutral,
2020-10-17,Social Security Beneficiaries Are Getting a Raise : Here How Much Extra to Expect in 2021,0.1785817839235107,0.26399359047710547,Positive,English
2020-10-17,Social Security Beneficiaries Are Getting a Raise : Here How Much Extra to Expect in 2021,0.1785817839235107,0.26399359047710547,Positive,English
2020-10-17,"It Time For Inflation Hedges : Consider Gold , Mining Stocks And Farmland",0.148853567431549,0.294047961356277,Positive,English
2020-10-21,,0.0,0.0,Neutral,
2020-10-21,,0.0,0.0,Neutral,
2020-10-21,,0.0,0.0,Neutral,
2020-10-19,,0.0,0.0,Neutral,
2020-10-19,,0.0,0.0,Neutral,
2020-10-19,,0.0,0.0,Neutral,
2020-10-22,,0.0,0.0,Neutral,
2020-10-22,,0.0,0.0,Neutral,
2020-10-22,,0.0,0.0,Neutral,
2020-10-23,From Penny Candy To The Dollar Menu – The Impact Of Inflation On Markets,0.1208022239198709,0.32240706193625884,Positive,English
2020-10-23,U . K . consumer confidence sinks in October,-0.0833333333333333,0.528782232440452,Negative,English
2020-10-23,,0.0,0.0,Neutral,
2020-10-26,What a Blue Wave Could Mean for the Bond Market,0.1018465909090909,0.3415706611017013,Positive,English
2020-10-26,Are Democrats Bad for Markets ? History Suggests Not,0.1076517429938482,0.3357018194975483,Positive,English
2020-10-26,Chamath Palihapitiya shares 5 sectors shaping long - term investing plan,0.0262118437118437,0.4180352126913702,Negative,English
2020-10-24,Social Security 2021 COLA Could More Than Double -- Here How,0.2193624129493695,0.22276554876930663,Positive,English
2020-10-24,Social Security 2021 COLA Could More Than Double -- Here How,0.2193624129493695,0.22276554876930663,Positive,English
2020-10-24,"Stock market crash : Expert warns of  financial implosion , 67 % plunge",0.0352524113313587,0.4088954591421251,Negative,English
2020-10-25,Here the Average Social Security Benefit in 2021,0.1814099882377194,0.2611343573507494,Positive,English
2020-10-25,Here the Average Social Security Benefit in 2021,0.1814099882377194,0.2611343573507494,Positive,English
2020-10-25,5 Fast - Growing Dividends Up To 24 % Per Year,0.1678785030758715,0.274814299223823,Positive,English
2020-10-27,,0.0,0.0,Neutral,
2020-10-27,,0.0,0.0,Neutral,
2020-10-27,,0.0,0.0,Neutral,
2020-10-30,,0.0,0.0,Neutral,
2020-10-30,,0.0,0.0,Neutral,
2020-10-30,,0.0,0.0,Neutral,
2020-10-31,,0.0,0.0,Neutral,
2020-10-31,,0.0,0.0,Neutral,
2020-10-31,,0.0,0.0,Neutral,
2020-10-28,,0.0,0.0,Neutral,
2020-10-28,,0.0,0.0,Neutral,
2020-10-28,,0.0,0.0,Neutral,
2020-10-29,,0.0,0.0,Neutral,
2020-10-29,,0.0,0.0,Neutral,
2020-10-29,,0.0,0.0,Neutral,
2020-11-03,,0.0,0.0,Neutral,
2020-11-03,,0.0,0.0,Neutral,
2020-11-03,,0.0,0.0,Neutral,
2020-11-01,,0.0,0.0,Neutral,
2020-11-01,,0.0,0.0,Neutral,
2020-11-01,,0.0,0.0,Neutral,
2020-11-02,,0.0,0.0,Neutral,
2020-11-02,,0.0,0.0,Neutral,
2020-11-02,,0.0,0.0,Neutral,
2020-11-04,,0.0,0.0,Neutral,
2020-11-04,,0.0,0.0,Neutral,
2020-11-04,,0.0,0.0,Neutral,
2020-11-05,,0.0,0.0,Neutral,
2020-11-05,,0.0,0.0,Neutral,
2020-11-05,,0.0,0.0,Neutral,
2020-11-09,,0.0,0.0,Neutral,
2020-11-09,,0.0,0.0,Neutral,
2020-11-09,,0.0,0.0,Neutral,
2020-11-06,,0.0,0.0,Neutral,
2020-11-06,,0.0,0.0,Neutral,
2020-11-06,,0.0,0.0,Neutral,
2020-11-07,,0.0,0.0,Neutral,
2020-11-07,,0.0,0.0,Neutral,
2020-11-07,,0.0,0.0,Neutral,
2020-11-10,,0.0,0.0,Neutral,
2020-11-10,,0.0,0.0,Neutral,
2020-11-10,,0.0,0.0,Neutral,
2020-11-08,,0.0,0.0,Neutral,
2020-11-08,,0.0,0.0,Neutral,
2020-11-08,,0.0,0.0,Neutral,
2020-11-11,,0.0,0.0,Neutral,
2020-11-11,,0.0,0.0,Neutral,
2020-11-11,,0.0,0.0,Neutral,
2020-11-13,,0.0,0.0,Neutral,
2020-11-13,,0.0,0.0,Neutral,
2020-11-13,,0.0,0.0,Neutral,
2020-11-15,,0.0,0.0,Neutral,
2020-11-15,,0.0,0.0,Neutral,
2020-11-15,,0.0,0.0,Neutral,
2020-11-12,,0.0,0.0,Neutral,
2020-11-12,,0.0,0.0,Neutral,
2020-11-12,,0.0,0.0,Neutral,
2020-11-14,,0.0,0.0,Neutral,
2020-11-14,,0.0,0.0,Neutral,
2020-11-14,,0.0,0.0,Neutral,
2020-11-20,,0.0,0.0,Neutral,
2020-11-20,,0.0,0.0,Neutral,
2020-11-20,,0.0,0.0,Neutral,
2020-11-16,,0.0,0.0,Neutral,
2020-11-16,,0.0,0.0,Neutral,
2020-11-16,,0.0,0.0,Neutral,
2020-11-17,,0.0,0.0,Neutral,
2020-11-17,,0.0,0.0,Neutral,
2020-11-17,,0.0,0.0,Neutral,
2020-11-18,,0.0,0.0,Neutral,
2020-11-18,,0.0,0.0,Neutral,
2020-11-18,,0.0,0.0,Neutral,
2020-11-19,,0.0,0.0,Neutral,
2020-11-19,,0.0,0.0,Neutral,
2020-11-19,,0.0,0.0,Neutral,
2020-11-24,,0.0,0.0,Neutral,
2020-11-24,,0.0,0.0,Neutral,
2020-11-24,,0.0,0.0,Neutral,
2020-11-23,,0.0,0.0,Neutral,
2020-11-23,,0.0,0.0,Neutral,
2020-11-23,,0.0,0.0,Neutral,
2020-11-21,,0.0,0.0,Neutral,
2020-11-21,,0.0,0.0,Neutral,
2020-11-21,,0.0,0.0,Neutral,
2020-11-25,,0.0,0.0,Neutral,
2020-11-25,,0.0,0.0,Neutral,
2020-11-25,,0.0,0.0,Neutral,
2020-11-22,,0.0,0.0,Neutral,
2020-11-22,,0.0,0.0,Neutral,
2020-11-22,,0.0,0.0,Neutral,
2020-11-26,,0.0,0.0,Neutral,
2020-11-26,,0.0,0.0,Neutral,
2020-11-26,,0.0,0.0,Neutral,
2020-11-27,,0.0,0.0,Neutral,
2020-11-27,,0.0,0.0,Neutral,
2020-11-27,,0.0,0.0,Neutral,
2020-11-29,,0.0,0.0,Neutral,
2020-11-29,,0.0,0.0,Neutral,
2020-11-29,,0.0,0.0,Neutral,
2020-11-30,,0.0,0.0,Neutral,
2020-11-30,,0.0,0.0,Neutral,
2020-11-30,,0.0,0.0,Neutral,
2020-11-28,,0.0,0.0,Neutral,
2020-11-28,,0.0,0.0,Neutral,
2020-11-28,,0.0,0.0,Neutral,
2020-12-03,,0.0,0.0,Neutral,
2020-12-03,,0.0,0.0,Neutral,
2020-12-03,,0.0,0.0,Neutral,
2020-12-02,,0.0,0.0,Neutral,
2020-12-02,,0.0,0.0,Neutral,
2020-12-02,,0.0,0.0,Neutral,
2020-12-01,,0.0,0.0,Neutral,
2020-12-01,,0.0,0.0,Neutral,
2020-12-01,,0.0,0.0,Neutral,
2020-12-05,,0.0,0.0,Neutral,
2020-12-05,,0.0,0.0,Neutral,
2020-12-05,,0.0,0.0,Neutral,
2020-12-04,,0.0,0.0,Neutral,
2020-12-04,,0.0,0.0,Neutral,
2020-12-04,,0.0,0.0,Neutral,
2020-12-07,,0.0,0.0,Neutral,
2020-12-07,,0.0,0.0,Neutral,
2020-12-07,,0.0,0.0,Neutral,
2020-12-08,,0.0,0.0,Neutral,
2020-12-08,,0.0,0.0,Neutral,
2020-12-08,,0.0,0.0,Neutral,
2020-12-09,,0.0,0.0,Neutral,
2020-12-09,,0.0,0.0,Neutral,
2020-12-09,,0.0,0.0,Neutral,
2020-12-10,,0.0,0.0,Neutral,
2020-12-10,,0.0,0.0,Neutral,
2020-12-10,,0.0,0.0,Neutral,
2020-12-06,,0.0,0.0,Neutral,
2020-12-06,,0.0,0.0,Neutral,
2020-12-06,,0.0,0.0,Neutral,
2020-12-14,,0.0,0.0,Neutral,
2020-12-14,,0.0,0.0,Neutral,
2020-12-14,,0.0,0.0,Neutral,
2020-12-12,,0.0,0.0,Neutral,
2020-12-12,,0.0,0.0,Neutral,
2020-12-12,,0.0,0.0,Neutral,
2020-12-11,,0.0,0.0,Neutral,
2020-12-11,,0.0,0.0,Neutral,
2020-12-11,,0.0,0.0,Neutral,
2020-12-15,,0.0,0.0,Neutral,
2020-12-15,,0.0,0.0,Neutral,
2020-12-15,,0.0,0.0,Neutral,
2020-12-13,,0.0,0.0,Neutral,
2020-12-13,,0.0,0.0,Neutral,
2020-12-13,,0.0,0.0,Neutral,
2020-12-18,,0.0,0.0,Neutral,
2020-12-18,,0.0,0.0,Neutral,
2020-12-18,,0.0,0.0,Neutral,
2020-12-19,,0.0,0.0,Neutral,
2020-12-19,,0.0,0.0,Neutral,
2020-12-19,,0.0,0.0,Neutral,
2020-12-20,,0.0,0.0,Neutral,
2020-12-20,,0.0,0.0,Neutral,
2020-12-20,,0.0,0.0,Neutral,
2020-12-17,,0.0,0.0,Neutral,
2020-12-17,,0.0,0.0,Neutral,
2020-12-17,,0.0,0.0,Neutral,
2020-12-16,,0.0,0.0,Neutral,
2020-12-16,,0.0,0.0,Neutral,
2020-12-16,,0.0,0.0,Neutral,
2020-12-24,,0.0,0.0,Neutral,
2020-12-24,,0.0,0.0,Neutral,
2020-12-24,,0.0,0.0,Neutral,
2020-12-23,,0.0,0.0,Neutral,
2020-12-23,,0.0,0.0,Neutral,
2020-12-23,,0.0,0.0,Neutral,
2020-12-25,,0.0,0.0,Neutral,
2020-12-25,,0.0,0.0,Neutral,
2020-12-25,,0.0,0.0,Neutral,
2020-12-21,,0.0,0.0,Neutral,
2020-12-21,,0.0,0.0,Neutral,
2020-12-21,,0.0,0.0,Neutral,
2020-12-22,,0.0,0.0,Neutral,
2020-12-22,,0.0,0.0,Neutral,
2020-12-22,,0.0,0.0,Neutral,
2020-12-26,,0.0,0.0,Neutral,
2020-12-26,,0.0,0.0,Neutral,
2020-12-26,,0.0,0.0,Neutral,
2020-12-29,,0.0,0.0,Neutral,
2020-12-29,,0.0,0.0,Neutral,
2020-12-29,,0.0,0.0,Neutral,
2020-12-30,,0.0,0.0,Neutral,
2020-12-30,,0.0,0.0,Neutral,
2020-12-30,,0.0,0.0,Neutral,
2020-12-28,,0.0,0.0,Neutral,
2020-12-28,,0.0,0.0,Neutral,
2020-12-28,,0.0,0.0,Neutral,
2020-12-27,,0.0,0.0,Neutral,
2020-12-27,,0.0,0.0,Neutral,
2020-12-27,,0.0,0.0,Neutral,
2020-12-31,,0.0,0.0,Neutral,
2020-12-31,,0.0,0.0,Neutral,
2020-12-31,,0.0,0.0,Neutral,
