Date,Title,Score,Sentiment,Language
2021-12-22,RH account hacked. Money stolen and account was deactivated.,-0.7097359895706177,Negative,English
2021-12-10,Penny Stock Unusual Option Activity 12/10,-0.8934166431427002,Negative,English
2021-11-10,Penny Stock Unusual Option Activity 11/10,-0.9695190191268921,Negative,English
2021-11-03,Penny Stock Unusual Option Activity 11/3,0.9437295198440552,Positive,English
2021-11-01,Penny Stock Unusual Option Activity 11/1,0.937757670879364,Positive,English
2021-10-28,Penny Stock Unusual Option Activity 10/28,0.5526670217514038,Positive,English
2021-10-25,Penny Stock Unusual Option Activity 10/25,0.9423011541366577,Positive,English
2021-10-19,Penny Stock Unusual Option Activity 10/19,0.9405236840248108,Positive,English
2021-10-18,Penny Stock Unusual Option Activity 10/18,0.9302219748497009,Positive,English
2021-10-14,Penny Stock Unusual Option Activity 10/14,-0.9460287094116211,Negative,English
2021-10-13,Penny Stock Unusual Option Activity 10/13,0.515332043170929,Positive,English
2021-10-05,Rant and Penny Stock Unusual Option Activity 10/5,0.7243529558181763,Positive,English
2021-10-04,Penny Stock Unusual Option Activity 10/4,-0.9726886749267578,Negative,English
2021-09-18,Biotricity does it again,0.6189677715301514,Positive,English
2021-09-16,EOD Penny Stock Unusual Option Activity 9/16,0.8523457050323486,Positive,English
2021-09-16,Mid-Day Penny Stock Unusual Option Activity 9/16,-0.49949225783348083,Negative,English
2021-09-14,EOD Penny Stock Unusual Option Activity 9/14,-0.967596173286438,Negative,English
2021-09-13,EOD Penny Stock Unusual Option Activity 9/13,-0.592252254486084,Negative,English
2021-09-13,Mid-Day Penny Stock Unusual Option Activity 9/13,0.0,Neutral,English
2021-09-10,EOD Penny Stock Unusual Option Activity 9/10,-0.9663233160972595,Negative,English
2021-09-02,EOD Penny Stock Unusual Option Activity 9/2,0.0,Neutral,English
2021-09-02,GSAT up in premarket ?!,0.0,Neutral,English
2021-09-01,EOD Penny Stock Unusual Option Activity 9/1,0.0,Neutral,English
2021-08-31,EOD Penny Stock Unusual Option Activity 8/31,0.0,Neutral,English
2021-08-31,Mid-Day Penny Stock Unusual Option Activity 8/31,-0.47441360354423523,Negative,English
2021-08-30,EOD Penny Stock Unusual Option Activity 8/30,0.0,Neutral,English
2021-08-30,Mid-Day Penny Stock Unusual Option Activity 8/30,0.0,Neutral,English
2021-08-19,Penny Stock Unusual Option Activity 8/19,0.0,Neutral,English
2021-08-18,Penny Stock Unusual Option Activity 8/18,0.0,Neutral,English
2021-08-13,*no position DD* SQFT - a young microcap REIT,0.0,Neutral,English
2021-08-09,"Wilhelmina International, Inc. (WHLM) - 5.44 (-1.98%)",0.0,Neutral,English
2021-08-07,Bulls Take Kaixin Shares High Post New EV Business Unit Establishment Announcement,-0.942135214805603,Negative,English
2021-07-24,Penny Stock Unusual Option Activity 7/23,0.0,Neutral,English
2021-07-22,Inpixon ($INPX) Back to the Office and Data Analytics,0.0,Neutral,English
2021-07-16,Penny Stock Unusual Options Volume 7/16,0.0,Neutral,English
2021-06-29,$XELA Potential for this week,0.9083356857299805,Positive,English
2021-06-02,Good news. LKCO's eMapGo is officially partnering with Microsoft to work on self-driving cars,0.0,Neutral,English
2021-05-23,"Morgan Stanley reports 6,149.70% increase in ownership of SNDL / Sundial Growers Inc - 13F, 13D, 13G Filings - Fintel.io",0.7448501586914062,Positive,English
2021-05-22,*no position DD* AHT - put it on the Ritz,0.0,Neutral,English
2021-05-21,"*no position DD* NVOS - Canadian healthcare, eh?",0.0,Neutral,English
2021-05-18,One app to rule them all?,0.0,Neutral,English
2021-05-14,Sat on my phone,0.0,Neutral,English
2021-05-12,"Why is $GTE Down With Tech Stocks, This Market Makes No Sense. Fragmented is the word",0.0,Neutral,English
2021-04-28,*no position DD* LYG - knackered bank on the rebound,0.0,Neutral,English
2021-04-23,SENS comeback story?,0.0,Neutral,English
2021-04-15,*no position DD* PHUN - are we having phun yet,0.0,Neutral,English
2021-04-02,Hey Geniuses --- Here's a DD list ($GNUS),0.0,Neutral,English
2021-04-02,*no position DD* GSAT - witty title here I dunno,0.5582813024520874,Positive,English
2021-03-29,$EAST Earnings and Board Update - Huge Bull Balls,0.0,Neutral,English
2021-03-26,*no position DD* TXMD - Women's Health Innovator,0.0,Neutral,English
2021-03-25,FNGD - Your friend when tech goes down ($3.95/share),0.0,Neutral,English
2021-03-24,Micro-cap just starting to take-off! Fintech blockchain and NFT play. AEHL-Antelope Holdings. Look past finviz description. Read below...,0.0,Neutral,English
2021-03-23,*no position DD* RMTI - a hard time finding bad news,0.0,Neutral,English
2021-03-23,Some Interesting Stuff In Tech Today + NFT Stocks,0.0,Neutral,English
2021-03-22,*no position DD* IFMK - Homemade Mongolian Beef,0.0,Neutral,English
2021-03-20,"My suggestion based on the upcoming week, NFT and BUY DSS",0.0,Neutral,English
2021-03-19,*no position DD* SHIP - maritime madness,0.0,Neutral,English
2021-03-15,"*no position DD* OSG - a bigger, worse CTRM",0.0,Neutral,English
2021-03-15,"*no position DD* ITP - Alexa, play the Office theme",0.0,Neutral,English
2021-03-14,$Pulm DD// mid/long term hold,0.0,Neutral,English
2021-03-12,*no position DD* SENS - cyberpunk sugar77,0.0,Neutral,English
2021-03-11,*no position DD* DARE - a different kind of stimulus,0.0,Neutral,English
2021-03-11,"*no position DD* AESE - Esports, Poker, and mega deal drama",0.0,Neutral,English
2021-03-11,"CSCW - Social Media, Film Magnate, AI. A lot for a little (sub $1)",0.0,Neutral,English
2021-03-10,SONM Fourth Fourth Quarter 2020 and Recent Highlights,0.9354057312011719,Positive,English
2021-03-10,NDRA - Med-tech with a big boy behind it,0.0,Neutral,English
2021-03-09,"IsoRay, Inc - Cancer Zapper. Med-Tech Dancer.",0.0,Neutral,English
2021-03-09,DFFN presentation material,0.0,Neutral,Italian
2021-03-09,Missing history on RH,0.0,Neutral,English
2021-03-04,"$HSTO Shorted Heavily, a closer looküëÄ",0.0,Neutral,English
2021-03-02,SLGG possible connection to GME,0.0,Neutral,English
2021-03-02,SENS awarded patent today.,-0.5560019612312317,Negative,English
2021-02-27,Pyxis Tankers......,0.0,Neutral,English
2021-02-25,Anyone heard of AMPE? (Not a DD),0.6334336996078491,Positive,English
2021-02-24,Watchlist 2-25-21 üëÄ,0.0,Neutral,English
2021-02-24,DD on SNGX,0.0,Neutral,English
2021-02-24,"GSAT DD (It's the spectrum, stupid)",0.0,Neutral,English
2021-02-23,Algo that tracks the most hyped stocks on Reddit. Here are the results for this week - 2/23/2021,0.0,Neutral,English
2021-02-23,2/23 Trending Penny Stocks on Reddit (with DDs),0.0,Neutral,English
2021-02-23,Strategies on taking advantage of the correction,0.0,Neutral,English
2021-02-22,DD#2 Inpixon ($INPX) - IoT Sensors for smarter indoor solution + Covid play,0.0,Neutral,English
2021-02-18,"A noob's DD. Looking for feedback. Some of it is funny, I swear.",0.0,Neutral,English
2021-02-18,"$XXII DD, Plant Biotech with an Upcoming Catalyst",0.0,Neutral,English
2021-02-18,"$SOS IS MOST LIKELY A SCAM, HERE IS WHY.",0.0,Neutral,English
2021-02-15,1k to 10k: Week 1 - 5% gain stocks?,0.0,Neutral,English
2021-02-15,Watchlist 2-16-21 üëÄ,-0.939638614654541,Negative,English
2021-02-14,Stocks I am watching this week (and why) - feb 16 2021,0.0,Neutral,English
2021-02-12,Rolls-Royce is a tech stock move,0.0,Neutral,English
2021-02-12,$ENTX - Entera Bio Ltd. - A Comprehensive DD guide to this Biopharma's innovative treatment potential,0.845044732093811,Positive,English
2021-02-11,PULM - Offering Swing Play - 22% down,-0.8289909958839417,Negative,English
2021-02-10,Watchlist 2-11-21 üëÄ,0.0,Neutral,English
2021-02-09,Watchlist 2-10-21 üëÄ,0.0,Neutral,English
2021-02-09,"IsoRay $ISR has their quarterly earnings report today, get ready to buy on the dip tomorrow",0.0,Neutral,English
2021-02-07,"$LKCO, Luokung Technology, is a sleeping giant in the cloud geospatial world",0.0,Neutral,English
2021-02-05,"$SPCB Explosive Potential, Good Catalyst.",0.0,Neutral,English
2021-02-05,"NOVN, really good DD from r/pennystocks",0.0,Neutral,English
2021-02-04,"Just curious, how $RIGL does not receive any recognition? Only Pharma with DoD endorsement/Funding at phase 3. Still under $5 with 100% buy",0.0,Neutral,English
2021-02-02,AZRX patent granted for their COVID19 drug,0.0,Neutral,English
2021-01-31,"$XSPA , OUR NEXT CHANCE",0.0,Neutral,English
2021-01-29,Anyone see that spike and crash on $NOK? Anyone know what that was about? This is crazy.,-0.6716797351837158,Negative,English
2021-01-28,Watchlist 1-29-21 üëÄ,-0.7654891014099121,Negative,English
2021-01-28,"$TRCH DD + Recent News, Activity, and Sector Developments",0.0,Neutral,English
2021-01-28,"REI, RING ENERGY INSIDER purchases 6,600,180 additional shares.",0.0,Neutral,English
2021-01-28,Catalyst for SENS This Weekend,0.0,Neutral,English
2021-01-26,Watchlist 1-27-21 üëÄ,0.9381186366081238,Positive,English
2021-01-25,‚ÄúWatchlist 1-26-21 üëÄFutures are RED as of 10:45 ET,-0.9601413607597351,Negative,English
2021-01-25,"Ring Energy, Inc., Announces Relocation of Its Headquarters From Midland, Texas to The Woodlands, Texas. The move will save 15% annually. $REI",0.0,Neutral,English
2021-01-24,‚ÄúWatchlist 1-25-21 üëÄ,0.0,Neutral,English
2021-01-21,Watchlist 1-22-21 üëÄ,0.0,Neutral,English
2021-01-21,DD on $NOK by /u/jbow234,0.0,Neutral,English
2021-01-21,üö® In-Depth DD on $ATOS and its January 26th COVID updates at the Public Medicine World Conference (my view on why the price is moving),0.6533340811729431,Positive,English
2021-01-20,Watchlist 1-21-21 üëÄ,0.5968878865242004,Positive,English
2021-01-20,Repost check it out.,0.0,Neutral,English
2021-01-19,Watchlist 1-20-21 üëÄ,0.0,Neutral,English
2021-01-18,Watchlist 1-19-21 üëÄ,0.7012456059455872,Positive,English
2021-01-17,Biggest Stock Market Lessons of 2020,0.0,Neutral,English
2021-01-14,Watchlist 1-15-21 üëÄ,0.0,Neutral,English
2021-01-14,‚ö†Ô∏è In-Depth DD on $SENS & George Soros ties to this pennystock,0.0,Neutral,English
2021-01-14,What do you guys think of Canaan?,0.0,Neutral,English
2021-01-13,Watchlist 1-14-21 üëÄ,0.0,Neutral,English
2021-01-12,Watchlist 1-13-21 üëÄ,-0.9383083581924438,Negative,English
2021-01-12,Who‚Äôs still in NAKD?,0.0,Neutral,English
2021-01-11,Watchlist 1-12-21 üëÄ,-0.8888328671455383,Negative,English
2021-01-11,PTE going up again üöÄ,0.0,Neutral,English
2021-01-10,Watchlist 1-11-21 üëÄ,0.0,Neutral,English
2021-01-08,Borqs Technologies (BRQS) on the rise!,0.648575484752655,Positive,English
2021-01-07,Watchlist 1-8-21 üëÄ,0.0,Neutral,English
2021-01-06,Watchlist 1-7-21 üëÄ,-0.7737142443656921,Negative,English
2021-01-05,Watchlist 1-6-21 üëÄ,0.0,Neutral,English
2021-01-01,Logging into Robinhood with my computer,0.0,Neutral,English
2021-11-27,"I'm poor. And new here! These are my first investments made, ever!",0.0,Neutral,English
2021-10-16,How predictable are seasonal rises/falls in the stock market?,0.0,Neutral,English
2021-09-17,"In Robinhood, what happens when the short leg, of a Put Credit Spread, is in the money and is assigned?",0.0,Neutral,English
2021-08-27,How does one determine what price traders want to buy options at?,0.0,Neutral,English
2021-08-19,Just got RobinHood. Question about 2-Factor Verification with push notifications.,0.0,Neutral,English
2021-05-15,FAANG Stock Performance 2021,0.0,Neutral,English
2021-04-28,"Hey, you with the weak email password, fix that!",-0.5064183473587036,Negative,English
2021-04-18,Peloton (PTON) - A Hardware or Software Play (Full DD),0.0,Neutral,English
2021-04-10,Concentration to growth - Difficult decision,0.0,Neutral,English
2021-03-31,"Get rich or die trying, margin trading!",0.0,Neutral,English
2021-03-12,Unable to enter option price in Chrome,0.0,Neutral,English
2021-02-25,What are your best DD/pick websites? Bookmark dump!,0.0,Neutral,English
2021-02-14,Robinhood UX & UI Discussion,0.0,Neutral,English
2021-01-24,Open Call for Applications - /r/Robinhood Community Manager,0.0,Neutral,English
2021-12-23,Looking for an automatic lot size calculator,0.0,Neutral,English
2021-12-21,Are there any platforms that work on MacOs or is this a losing battle?,0.0,Neutral,English
2021-12-28,Transitioning from accumulation phase to preservation phase,0.0,Neutral,English
2021-12-16,"Crosspost, FI Simulator that does not require giving someone access to your accounts",0.0,Neutral,English
2021-10-08,I crossed the finish line but the race wasn't over...,0.0,Neutral,English
2021-09-22,"My advice to myself after 15 years of actively trying to find a way, almost dying twice and overcoming homelessness after being a CEO",0.0,Neutral,English
2021-09-21,"Not FIRE, but 24 Years Old and Quit My Job to Travel the World. Here's My Story and Reasoning",0.0,Neutral,English
2021-09-20,The Luxury of a High Savings Rate; or Who's Afraid of Bonds?,0.0,Neutral,English
2021-09-19,What changes and what stays unchanged after hitting FI,0.0,Neutral,English
2021-09-18,A Net Worth of $1 million USD puts you in the top 1% of adults worldwide,0.0,Neutral,English
2021-09-01,10 year Not-So-Humblebrag,0.0,Neutral,English
2021-09-01,One accountant's journey to FIRE: 825k at 29 (725k liquid),0.7063219547271729,Positive,English
2021-08-31,"Aug 2021 monthly overview. 2 years into my job, 23yo, intensive spreadsheeting, high SR, <100k income",0.0,Neutral,English
2021-08-31,"Milestone $1 million invested, net worth ~$1.8, family of 4, without $100k/year jobs. Done in 2.5 years!",0.0,Neutral,English
2021-08-25,Thoughts Nearing the Finish Line,0.0,Neutral,English
2021-08-24,Just hit the 1M mark!,0.0,Neutral,English
2021-08-17,Sharing My FIRE Journey So Far (25M / USA ---> Hong Kong / Teacher / > 100K NW),0.0,Neutral,English
2021-08-16,Late 20s FIRE with slow travel,0.0,Neutral,English
2021-08-13,"$3.5M Invested, Goal Nearly Met | 33M & 33F w/ 1 Child | <2 Years to Go (Annual Update #4)",0.0,Neutral,English
2021-08-04,Hit CoastFIRE this week! More motivated than ever and what has helped me,0.711061418056488,Positive,English
2021-08-02,"If you make a decent income, it becomes all about lifestyle creep.",0.0,Neutral,English
2021-07-31,"494k at 27, and Slowing Down on FI",0.0,Neutral,English
2021-07-27,$1mm NW at 29 Software Sales FIRE Journey,0.0,Neutral,English
2021-07-17,Is there a correlation between pursuing FI/RE and CF (child-free lifestyle)?,0.0,Neutral,English
2021-07-10,"Road to FI..today I hit $1M in assets ($660k NW). Married 31M, 3 kids, NJ. Two salaries. Keep reading for the choices I made to get here!!",0.0,Neutral,English
2021-07-09,My half year 2021 financial update after over 10 years post FIRE,0.0,Neutral,English
2021-07-08,Six Months of Direct Indexing,0.0,Neutral,English
2021-07-08,My Fire Journey so Far (24M) 65k NW - 55k Income,0.0,Neutral,English
2021-07-06,First Quarterly Update / Q2 2021 / You gotta start somewhere,0.0,Neutral,English
2021-07-05,FIRE in one of the most expensive countries in the world as a 25yo couple.,-0.5106993317604065,Negative,English
2021-06-29,Part 2 of My Guide To Hedgefundie's Portfolio for FIRE/FatFire/WhaleFire,0.0,Neutral,English
2021-06-26,"28M - Just hit a third of a million in Sydney, Australia: Slow and steady",0.0,Neutral,English
2021-06-25,My Guide to Hedgefundie's Portfolio and Why I'm 100% Invested in it for FatFire and WhaleFire,0.0,Neutral,English
2021-06-16,Joining a tech company without coding / a small novel on the tech industry,0.0,Neutral,English
2021-06-14,"A New PF/FIRE Calculator - [Pre-RE, Post-RE, & Life Events on 1 Graph]",0.0,Neutral,English
2021-06-09,[32m/32f] My wife and I cross the 1.6M NW a couple weeks ago! Our journey,0.0,Neutral,English
2021-06-06,(36) Got a late start in life at 30 and more recently found FIRE. My backstory & journey so far to $1 million,0.0,Neutral,English
2021-06-06,A Purple Life - Really cool story & numbers (podcast episode),0.0,Neutral,English
2021-06-02,10 years after graduating. ~$775K NW. Military.,0.0,Neutral,English
2021-05-28,FOUR YEARS into early retirement from retail pharmacy,0.0,Neutral,English
2021-05-21,One more 1M+ $ guy from Europe :),0.0,Neutral,English
2021-05-15,FIRE and self-actualization,0.0,Neutral,English
2021-05-06,Could you be looking to FIRE because you are a workaholic? Take this test to find out!,0.0,Neutral,English
2021-04-25,The principles work.,0.0,Neutral,English
2021-04-24,"FIRE EU, Financial progress ‚Äì Q1/2021 update",0.0,Neutral,English
2021-04-20,Debt-Free Millionaire at 31: The Dumb Way,0.0,Neutral,English
2021-04-18,My lessons toward FIRE: Hit $2.3M net worth at 52,0.0,Neutral,English
2021-04-18,Is it a horrible idea to share NW or portfolio with friends?,0.0,Neutral,English
2021-04-10,Should I baristaFIRE or go for a career change?,0.0,Neutral,English
2021-03-31,FI is making me feel even less motivated to get anything done - advice? Book recommendations?,0.0,Neutral,English
2021-03-19,"Changing career to tech, from the bottom of the field to $1.3M in Net Worth.",0.0,Neutral,English
2021-03-16,Reached my Number. Now I must wait for COVID to pass in order to pull the plug.,0.0,Neutral,English
2021-03-15,Post FIRE - 6 Month Report,0.0,Neutral,English
2021-03-14,FIRE-Focused Rent vs. Buy Calculator,0.0,Neutral,English
2021-03-12,I think I just FIREd,0.0,Neutral,English
2021-03-09,Official 2020 FI Survey Results,0.0,Neutral,English
2021-03-06,"Mega Backdoor Roth, In-Plan Conversions",0.0,Neutral,English
2021-02-07,Reached $100k NW,0.0,Neutral,English
2021-01-25,Today is the 3rd day of the rest of my life! Retired last week thanks to FIRE,0.0,Neutral,English
2021-01-12,"Two ex-Sequoia VCs: the most ‚Äòcompelling emerging market‚Äô may be America, outside of Silicon Valley",0.0,Neutral,English
2021-11-01,Tim Cook wants Facebook dead and his strategies are working,0.0,Neutral,English
2021-09-09,Long Thesis on OPRA ( OPRA limited),-0.9709440469741821,Negative,English
2021-09-06,A Commentary on Why Tech Stocks are Expensive,0.0,Neutral,English
2021-07-27,Tiger Global: the technology investor ruffling Silicon Valley feathers,0.0,Neutral,English
2021-05-27,Why Shorting Support.com (SPRT) Might be a Bad Idea,-0.5304669737815857,Negative,English
2021-04-30,ASML - When does a monopoly become too expensive?,-0.4119418263435364,Negative,English
2021-04-28,Enjoy Technology Going Public,0.0,Neutral,English
2021-04-16,"QUANTUMSCAPE (NYSE: QS) A Pump and Dump SPAC Scam By Silicon Valley Celebrities, That Makes Theranos Look Like Amateurs from Scorpion Capital",0.0,Neutral,English
2021-02-04,"Apple, Its Control Over the iPhone, The Internet, And The Metaverse",0.0,Neutral,English
2021-01-21,Greenlane Renewables (GRN) - Great growth stock in renewable energy or an overhyped disaster??,0.0,Neutral,English
2021-01-10,AFRM: Another Underpriced IPO Worth Looking At,0.0,Neutral,English
2021-01-06,Special Situation: Yorkey Optical HK$2788,-0.565680980682373,Negative,English
2021-01-04,Deep Dive Research About a Collaborative Work Management Company Poised to Benefit off the Remote Work Trend. NYSE Listed.,0.0,Neutral,English
2021-10-21,Learn About Borqs Technologies (NASDAQ: BRQS) in Exclusive Zoom Investor Group Call,0.0,Neutral,English
2021-08-25,Investing in apple vs Microsoft,0.0,Neutral,English
2021-07-28,Tiger Global: the technology investor ruffling Silicon Valley feathers,0.0,Neutral,English
2021-06-09,Roku Overview and Brief Bear/Bull Case,0.0,Neutral,English
2021-05-04,$SKLZ Skillz Stock Earnings Headlines and Takeaways,0.9393750429153442,Positive,English
2021-01-20,Growth stocks to hold for the next 5-10+ years?,0.0,Neutral,English
2021-12-23,How Tim Cook Crushed Facebook‚Äîand Set up a War in Tech for Years to Come,0.0,Neutral,English
2021-12-14,This is the implication of the commercials about society‚Äôs current regard for ‚Äúinnovation‚Äù.,-0.7192374467849731,Negative,English
2021-12-13,"Great Protocol Politics ‚Äî The 21st century doesn‚Äôt belong to China, the United States, or Silicon Valley. It belongs to the internet.",0.0,Neutral,English
2021-12-10,It seems like nobody is embracing real innovation and would rather live in the 1970s or something from all these commercials you see.,0.0,Neutral,English
2021-11-19,The Millennium Project: How can everyone have sufficient clean water without conflict?,0.0,Neutral,English
2021-11-01,Time to get paid for our DATA?,0.0,Neutral,English
2021-10-26,Watch: Dragon scale solar tiles installed on Google buildings in Silicon Valley - company installs 'building integrated photovoltaic' solar panels that look like a normal roofing product that competes with Tesla's Solar Glass,0.0,Neutral,English
2021-09-23,"EU proposes mandatory USB-C on all devices, including iPhones",0.0,Neutral,English
2021-09-21,Silicon Valley‚Äôs quest to live forever could benefit humanity as a whole ‚Äî here‚Äôs why - A growing number of tech billionaires have decided they want to use their enormous wealth to try and help humans ‚Äúcheat death.‚Äù,0.6891972422599792,Positive,English
2021-09-21,Silicon Valley‚Äôs quest to cure major diseases of an aging population by targeting its biology could benefit humanity as a whole ‚Äî here‚Äôs why | CNBC,0.0,Neutral,English
2021-09-18,Want to save the Earth? Then don‚Äôt buy that shiny new iPhone.,0.0,Neutral,English
2021-09-18,Cheap Sensors for Smarter Farmers - Two IoT sensors from this year's ARPA-E Summit can help farmers make better decisions,0.762188196182251,Positive,English
2021-09-17,Why Silicon Valley's optimization mindset sets us up for failure.,0.0,Neutral,English
2021-09-16,Who wants to live for ever? Jeff Bezos and Mark Zuckerberg do - Silicon Valley‚Äôs billionaires are ploughing a fortune into tech to keep them ticking | The Times,0.0,Neutral,English
2021-09-04,"Meet Altos Labs, Silicon Valley‚Äôs latest wild bet on living forever",0.0,Neutral,English
2021-08-26,"The iPhone 13's Face ID Will Support Face Masks, Leaker Says | Digital Trends",0.0,Neutral,English
2021-08-17,Researchers from the Indian Institute of Technology Jodhpur (IIT-Jodhpur) have developed an improvised version of a blockchain technology that is computationally lighter and both energy and time efficient allowing its application for making secure communication in IoT networks,0.0,Neutral,English
2021-08-14,Right to Repair aftermath thoughts,0.0,Neutral,English
2021-08-11,Can blood from young people slow aging? Silicon Valley has bet billions it will,0.0,Neutral,English
2021-08-05,Apple plans to scan US iPhones for child abuse imagery,0.0,Neutral,English
2021-07-22,"Building robots like lego: 6-yr-old Silicon Valley robotics company says its 200+ hardware + software modules make robot development 10x Faster, 10x Cheaper",0.0,Neutral,English
2021-07-20,"Hi Reddit! I‚Äôm Andy Stanford-Clark, CTO at IBM UK and leading the IBM technical team for the Mayflower Autonomous Ship, a first-of-its-kind un-crewed vessel. Ask me anything and I‚Äôll be here in r/futurology to answer your questions on July 21st at 4PM UTC/5PM BST/12PM EST/9AM PT!",0.0,Neutral,English
2021-06-27,"Silicon Valley is trying to 'cure' old age. Is that a good idea? Life extension may be on the precipice of becoming ""the biggest industry on earth""",0.0,Neutral,English
2021-06-07,Just thinking,0.0,Neutral,English
2021-06-03,"‚ÄúDying for an iPhone‚Äù: The suffering of the working class, within and outside the United States, is ignored by our corporatized media, and yet, it is one of the most important human rights issues of our era.",0.0,Neutral,English
2021-06-01,Injustice against the future,0.0,Neutral,English
2021-05-30,The bizarro ‚Äúfuture‚Äù which isn‚Äôt the future (from a ‚Äò90s perspective),0.0,Neutral,English
2021-05-28,The Participatory Evaluation (of) Aging (with) Rapamycin (for) Longevity Study AMA,0.0,Neutral,English
2021-05-24,"Silicon Valley Wants Dogs to Live Longer So Humans Can, Too",0.0,Neutral,English
2021-05-24,The Costly Pursuit of Self-Driving Cars Continues On. And On. And On. Many in Silicon Valley promised that self-driving cars would be a common sight by 2021. Now the industry is resetting expectations and settling in for years of more work.,0.0,Neutral,English
2021-05-08,Universal basic income is here‚Äîit just looks different from what you expected. How the pandemic took the concept of universal basic income out of Silicon Valley‚Äôs hands‚Äîand turned it into something far more radical.,0.0,Neutral,English
2021-05-04,Opinion | The Pentagon has stopped laughing about UFOs. Why hasn't Silicon Valley?,0.0,Neutral,English
2021-05-03,"Will the Fourth Industrial Revolution Serve Sustainability? by Victor Galaz - This upheaval ‚Äì which also reflects the impact of robotics, bio- and nanotechnology, 5G, and the Internet of Things (IoT) ‚Äì is a general-purpose revolution.",0.0,Neutral,English
2021-04-27,Do you people think we will see more rapid changes from 2020 - 2030 than 2000 - 2020 ? What are the changes you are looking for ?,0.0,Neutral,English
2021-04-22,Navigating a Digital Planet: Why Students can Never Know Enough Technology,0.0,Neutral,English
2021-04-22,Samsung Allows You To Turn an Old Galaxy Phone Into a New IoT Device,0.0,Neutral,English
2021-04-21,"Introducing Satellite: The social network we've been waiting for. ""A universal social network, owned by everyone"". Thrilling interview about the philosophy behind the decentralized platform which offers users an exit from the silicon valley monopoly. Watch it now on Satellite.",0.0,Neutral,English
2021-04-15,Obsolete every day carry (EDC): cash and watches are dying out - what could be next?,0.0,Neutral,English
2021-04-12,Researchers develop way to use over-capacity of 5G networks as ‚Äúwireless power grid‚Äù for powering IoT devices that need batteries to operate. It uses a flexible Rotman lens-based rectifying antenna (rectenna) system capable of millimeter-wave harvesting in the 28-GHz band.,0.0,Neutral,English
2021-04-07,Can Blood from Young People Slow Aging? Silicon Valley Has Bet Billions It Will,0.0,Neutral,English
2021-04-04,Reprogramming Old Cells Young Again | Lifespan.io,0.0,Neutral,English
2021-04-01,Advances in Telemedicine IoT Devices / What‚Äôs New in Telemedicine IoT World?,0.0,Neutral,English
2021-03-30,Silicon Valley leaders think A.I. will one day fund free cash handouts. But experts aren‚Äôt convinced,0.0,Neutral,English
2021-03-28,"Elon Musk - ""It‚Äôs not really possible to match the human brain in 2021 for any amount of money imo, but it will be possible probably in a few years""",0.0,Neutral,English
2021-03-28,"Backed by Japan coffee giant and Taiwan big tech, Hiroia wants to orchestrating hundreds of coffee brewers with IoT technology",0.0,Neutral,English
2021-03-27,"5G as a wireless power grid: Unknowingly, the architects of 5G have created a wireless power grid capable of powering devices at ranges far exceeding the capabilities of any existing technologies. Researchers propose a solution using Rotman lens that could power IoT devices.",0.0,Neutral,English
2021-03-24,Quantum Dot Nanomedicine for Longevity Drugs | Lifespan.io,0.0,Neutral,English
2021-03-17,"""Powers of 10"" universe simulation VR/iOS app is a magic carpet ride into the infinite...",0.0,Neutral,English
2021-03-10,"Apple To Build a ""Mini Silicon Valley"" in Germany With 1 Billion Euro Investment",0.0,Neutral,English
2021-03-05,"Hey! My friend and I are engineers who have a curiosity about the future of technology and how Industry 4.0 plays a huge role in that. We want to discuss the latest news in I4.0, some of our personal projects around 3D printing and IoT, as well as professional resources. We would love your feedback!",0.0,Neutral,English
2021-02-28,Internet of Cars: A driver-side primer on IoT implementation,0.0,Neutral,English
2021-02-27,"Tangibly speaking, what is your personal opinion on how close we are to LEV(Longevity Escape Velocity)?",0.0,Neutral,English
2021-02-22,The NIA Is Funding Clinical Trials Against Aging | Lifespan.io,0.0,Neutral,English
2021-02-21,Technology Readiness Levels,0.0,Neutral,English
2021-02-19,The NIA opens a grant program for early-stage human trials targeting aging itself | Lifespan.io,0.0,Neutral,English
2021-02-18,The NIA Is Funding Clinical Trials Against Aging | Lifespan.io,0.0,Neutral,English
2021-02-16,"Nevada‚Äôs Sales Pitch to Silicon Valley: You Can Create Your Own Government Here - A bill in the works would turn over large tracts of Nevada to tech companies, allowing them to build‚Äîand run‚Äîtheir own towns.",0.0,Neutral,English
2021-01-21,Apple's first-ever headset will reportedly be a pricey device that paves the way for an eventual iPhone replacement,0.49552372097969055,Positive,English
2021-01-18,How Miami Mayor Francis Suarez is luring tech players from Silicon Valley and New York,0.0,Neutral,English
2021-01-13,Image Reconstruction from brain Activity,0.0,Neutral,English
2021-01-06,Tesla autonomously navigates from Los Angeles to Silicon Valley with zero interventions,0.0,Neutral,English
2021-01-06,Charge your iPhone via Mac & iPad: Is this what Apple‚Äôs wireless future looks like?,0.0,Neutral,English
2021-12-18,Needless Terror From Glitching Balance Calculations (anyone else experience this?),0.0,Neutral,English
2021-11-23,Locked out fraud investigation,0.0,Neutral,English
2021-10-19,Cant find TD ameritrade or TOS mobile app on google play (android),0.0,Neutral,English
2021-10-17,Can‚Äôt log in?,0.0,Neutral,English
2021-10-15,Does the TDAmeritrade app have trouble running on iOS 15?,-0.664178192615509,Negative,English
2021-10-09,Strange double login request,0.0,Neutral,English
2021-10-08,API - TRAILING_STOP_LIMIT not possible?,0.0,Neutral,English
2021-09-23,Overnight Cost Per Share Discrepancy,-0.8684735894203186,Negative,English
2021-09-15,Quick question about keeping my account active.,0.0,Neutral,English
2021-09-14,TD Ameritrade has blocked me from buying since I tried making a deposit for 100k last tuesday.,-0.8168696165084839,Negative,English
2021-08-24,How can I simultaneously buy back a covered call and sell the shares?,0.0,Neutral,English
2021-08-01,Very confused,-0.9530256390571594,Negative,English
2021-07-24,"TD API's Get Option Chain not working for all the strategies ( BUTTERFLY, CONDOR, DIAGONAL )",0.0,Neutral,English
2021-07-05,TDA Singapore: months to open an account!?,0.0,Neutral,English
2021-07-04,Don't see TD Mobile App in Google Play,0.0,Neutral,English
2021-07-02,I'm having trouble with conditional orders... anyone else? Am I doing something wrong?,-0.5470102429389954,Negative,English
2021-07-02,"Transferring an options contract from Robinhood to TD Ameritrade. What do I put as Robinhood‚Äôs ‚Äúfirm name,‚Äù physical address, and phone number?",0.0,Neutral,English
2021-06-28,Slow and inconsistent alerts in Android TD Ameritrade mobile app?,-0.5992687940597534,Negative,English
2021-06-25,Apple vs. ETF,0.0,Neutral,English
2021-06-23,Dark mode for IOS app!!,0.0,Neutral,English
2021-06-18,Order fill email notification?,0.0,Neutral,English
2021-06-15,Login Bugged?,0.0,Neutral,English
2021-06-11,What‚Äôs going on TD Ameritrade?,0.0,Neutral,English
2021-06-09,Cost price went up?,0.0,Neutral,English
2021-06-07,Wouln't let me nor my customer represetative cover my short,0.0,Neutral,English
2021-05-30,Being assigned in ROTH IRA. Questions regarding the technicalities and lack of funds to cover the position,0.0,Neutral,English
2021-05-26,TDA API - how to get option quote using 'Get Quote' API endpoint?,0.0,Neutral,English
2021-05-05,How do I withdraw?,0.0,Neutral,English
2021-05-04,Invalid Control Number for GME,0.0,Neutral,English
2021-05-03,Tax questions?,0.0,Neutral,English
2021-05-02,Why does it show no funds available for withdrawal even though I have $5000?,0.0,Neutral,English
2021-04-30,Ameritrade lost my account?,0.0,Neutral,English
2021-04-28,Application Process for Tier 3 Options,0.0,Neutral,English
2021-04-25,Account restricted,-0.5133922100067139,Negative,English
2021-04-23,Looking for an alternative that will let me write calls on restricted securities covered by shares I already own via the web?,0.0,Neutral,English
2021-04-17,Uhg. Help,0.0,Neutral,English
2021-04-15,Max Limit Sell,0.0,Neutral,English
2021-04-15,Question about opening an account as a Brazilian,0.0,Neutral,English
2021-04-10,How do I set a high limit sell on tda?,0.0,Neutral,English
2021-04-04,thinkorswim native M1 Mac update,0.0,Neutral,English
2021-04-02,TD saying I have -3500 shares?,0.0,Neutral,English
2021-03-29,Incorrect stock prices?,0.0,Neutral,English
2021-03-25,Anyone else‚Äôs share price different from their ask/bid?,0.0,Neutral,English
2021-03-24,TOS mobile for iOS sucking today,0.0,Neutral,English
2021-03-17,What are these guys on?,0.0,Neutral,English
2021-03-15,Unable to login,-0.5864019393920898,Negative,English
2021-03-13,Price average went up by itself,-0.7678380012512207,Negative,English
2021-03-13,I can't login to my account...,-0.5497298836708069,Negative,English
2021-03-10,I never thought AAPL would be my anchor.,0.0,Neutral,English
2021-03-05,I was victim to identity theft and I need advice,-0.688916027545929,Negative,English
2021-03-04,ACH Failed - Funds belong to TD?,0.0,Neutral,English
2021-03-03,Charts Bug?,0.0,Neutral,English
2021-03-01,Don't exercise options?,0.0,Neutral,English
2021-03-01,Is there a way to contact TDA by email regarding a new account opening process?,0.0,Neutral,English
2021-02-28,Assistance with Contingent Orders for GME,0.0,Neutral,English
2021-02-28,Password reset?,0.0,Neutral,English
2021-02-27,"1hr+ hold times, frozen account - Taking my business elsewhere",-0.7436469197273254,Negative,English
2021-02-27,Can't reach Ameritrade customer service,0.0,Neutral,English
2021-02-26,Sink or swim mobile app,0.0,Neutral,English
2021-02-26,I need legal counsel.,-0.9571574330329895,Negative,English
2021-02-25,Login failure?,-0.6876701712608337,Negative,English
2021-02-22,Advice On What To Do Now,-0.921217679977417,Negative,English
2021-02-19,Phantom Share Update 2 - Option Glitch Week 2,-0.8007105588912964,Negative,English
2021-02-17,TD AMERITRADE PHANTOM SHARES,-0.8275799751281738,Negative,English
2021-02-16,TD isn't fixing things...,-0.8280883431434631,Negative,English
2021-02-16,TD Ameritrade ongoing accounting issues,-0.5112618207931519,Negative,English
2021-02-16,Trying to get CNBC to report on this,-0.8716962933540344,Negative,English
2021-02-16,2.5hrs wait - finally talked to Support on wrong exercised and margin calls.,-0.5650609135627747,Negative,English
2021-02-15,So disappointed in what TD has become.,0.0,Neutral,English
2021-02-12,"New User, Didn't Know about 15 minute real-time quote delay, got fucked and lost $1800",-0.5068877339363098,Negative,English
2021-02-12,Rant about trading AMC Options,-0.8051595687866211,Negative,English
2021-02-12,Is ThinkorSwim Down this morning? (Feb 12). Logged in by no Window,0.0,Neutral,English
2021-02-11,Is anyone else having trouble accessing their account?,0.0,Neutral,English
2021-02-10,Trade restrictions liquidating trades only?,0.0,Neutral,English
2021-02-09,Need help with opening my account.. since I can't reach customer support,0.0,Neutral,English
2021-02-09,"New on TD from Robinhood, overall think it‚Äôs solid but a few major qualms....",0.0,Neutral,English
2021-02-09,I own stock in RIOT. TD won't let me sell it.,0.0,Neutral,English
2021-02-08,Dark mode,0.0,Neutral,English
2021-02-08,AMC Covered Calls Still being Restricted,-0.7500778436660767,Negative,English
2021-02-06,What is your strategy ?,0.0,Neutral,English
2021-02-05,How long does a withdrawal take and can it go wrong?,-0.6071892976760864,Negative,English
2021-02-05,Magical list of untradeable stocks,0.0,Neutral,English
2021-02-03,Day's P/L calculation on stocks traded,0.0,Neutral,English
2021-02-02,Desperate help needed to unlock my account,0.0,Neutral,English
2021-02-02,Can‚Äôt withdraw funds?,0.0,Neutral,English
2021-01-29,Can't login? When I try on a different platform it sends a security code to my phone I enter it and this happens. When I try again it brings me to my 2step verification and the answers aren't working and it just deletes the answer and doesn't tell me if I got it wrong.,0.0,Neutral,English
2021-01-29,After/pre hours vs extended hours,0.0,Neutral,English
2021-01-27,Change Phone Number,0.0,Neutral,English
2021-01-27,PLS HELP,0.0,Neutral,English
2021-01-27,TD AMERITRADE STOCK withdrawal? Need some help and info please!,0.0,Neutral,English
2021-01-27,WITHDRAWING MONEY FROM TD AMERITRADE STOCK TAXES?,0.0,Neutral,English
2021-01-27,Not Enough Buying Power?,0.0,Neutral,English
2021-01-22,Restrictions on Account,0.0,Neutral,English
2021-01-22,TD Ameritrade Customer Service Quality,-0.515412449836731,Negative,English
2021-01-12,When Will Support Come Back?,0.0,Neutral,English
2021-01-12,quick question about buying power,0.0,Neutral,English
2021-01-10,Help scanning in thinkorswim,0.0,Neutral,English
2021-01-08,Opening new TD Ameritrade account in Singapore? How long to get service support replies?,0.0,Neutral,English
2021-12-03,2FA Login Broken in Android App,0.0,Neutral,English
2021-11-01,"Doesn‚Äôt seem we can add a trailing stop to an existing position, ATP ?",0.0,Neutral,English
2021-10-25,There are additional limitations for trading violations,-0.7305119633674622,Negative,English
2021-10-22,DAE have problems with the advanced chart?,0.0,Neutral,English
2021-10-16,Fidelity Cash Promotion Secret,0.0,Neutral,English
2021-10-01,Anyone else has crash issues using iPhone ?,-0.6466126441955566,Negative,English
2021-09-27,No Charts - Tech Support,0.0,Neutral,English
2021-09-24,hacked,-0.5606831312179565,Negative,English
2021-09-24,Fidelity has uninformed people at the ‚Äútrading desk‚Äù.,0.0,Neutral,English
2021-08-26,Full View,0.0,Neutral,English
2021-08-13,Partial transfer to CoumputerShare?,0.0,Neutral,English
2021-08-13,"Fidelity: ""All or nothing"" - transfer to ComputerShare",0.0,Neutral,English
2021-08-09,Hello,0.0,Neutral,English
2021-08-06,"So far I have to say that my ""customer service experience"" is a joke!",-0.6624419093132019,Negative,English
2021-08-05,Brokerage Account Problems,-0.9280983805656433,Negative,English
2021-07-23,"I keep getting redirected to this ""feature is not available"" message when searching for a stock on the iOS Netbenefits app.",0.0,Neutral,English
2021-07-16,Customer Service today at Fidelity :(,0.0,Neutral,English
2021-06-29,"revisiting the fidelity ""orders by retail customers"" page",0.0,Neutral,English
2021-06-25,"messaging with Fidelity, available on app?",-0.6105533242225647,Negative,English
2021-06-21,PDT removal,0.0,Neutral,English
2021-06-14,Beta on IOS is so much better,0.0,Neutral,English
2021-06-13,Beta on Android?,0.0,Neutral,English
2021-06-10,Fidelity just sold 2 shares of GME for me?,0.0,Neutral,English
2021-06-03,‚ÄúSettled‚Äù cash gets unsettled after subsequent deposit,-0.5550287365913391,Negative,English
2021-06-01,Will Fidelity Refund Transfer Fees Multiple Times?,0.0,Neutral,English
2021-06-01,What do I do if Robinhood never sends my cost basis information?,0.0,Neutral,English
2021-05-28,Options Day Trading PDT,0.0,Neutral,English
2021-05-27,21st century customer service achievement award,0.0,Neutral,English
2021-05-25,Mobile App Beta,0.0,Neutral,English
2021-05-19,I thought meme stocks only went up? something must be broken. Whose fault is it?,-0.8829516172409058,Negative,English
2021-05-15,DAE have to launch the app twice for it to work?,0.0,Neutral,English
2021-05-10,For Mac/ATP Users,0.0,Neutral,English
2021-05-05,The level one options trading permission is an absolute joke,0.0,Neutral,English
2021-05-05,What the fidelity beta looks like on iPhone,0.0,Neutral,English
2021-05-04,Have you tried the beta experience on mobile app and do you like it?,0.0,Neutral,English
2021-04-25,How to set a limit order for premarket?,0.0,Neutral,English
2021-04-25,Performance Tab on iPad on iPhone?,0.0,Neutral,English
2021-04-23,interesting: you have to pay to short COIN now,0.0,Neutral,English
2021-04-22,Account transfer from Robinhood changed my stocks to margin.,0.0,Neutral,English
2021-04-19,Anyone else having mobile check deposit issues?,0.0,Neutral,English
2021-04-14,How is this possible and how can I fix this?,0.0,Neutral,English
2021-04-12,"interesting how a number of symbols in the fidelity ""top orders"" page are hard to short (or unavailable even)",0.0,Neutral,English
2021-04-10,"I hate the very large caps. The 25 stock portfolio I hate. Tell me why I shouldn't, please",-0.8976929783821106,Negative,English
2021-04-07,"10 large cap stocks . Using the Fidelity research pages, do you say thumbs up or thumbs down on each one?grep What info do you look at?",0.0,Neutral,English
2021-04-01,Fidelity is extorting me for personal information.,-0.7239187359809875,Negative,English
2021-04-01,Got fidelity app month ago to trade!,0.0,Neutral,English
2021-03-31,iPhone 12 new update - Fidelity app will not open,-0.6252115964889526,Negative,English
2021-03-31,Active Trader Crashing,-0.7660493850708008,Negative,English
2021-03-29,"plenty of talkin' when they're up, not so much when they're down.",0.0,Neutral,English
2021-03-28,Is there a reason Fidelity took $50 from me when i only purchased $24 worth of shares?,0.0,Neutral,English
2021-03-28,"rumor: US govt funded RH so that stim money could be used to inflate market prices, and create increased tax returns from millenials.",0.0,Neutral,English
2021-03-25,Anyone use an alternative ticker app to ATP on macOS?,0.0,Neutral,English
2021-03-23,Am I doing something wrong or does the app/widget just suck?,0.0,Neutral,English
2021-03-23,Mobile App keeps crashing,-0.49928945302963257,Negative,English
2021-03-23,Settlement dates?,0.0,Neutral,English
2021-03-22,Do I basically need to buy a PC to have a usable Active Trader Pro?,0.0,Neutral,English
2021-03-21,How best to have Fidelity Execute an ITM Call Option PRIOR to Expiration?,0.0,Neutral,English
2021-03-21,How do ex-RH users research stonks?,0.0,Neutral,English
2021-03-20,Can no longer deposit checks via iOS app,0.0,Neutral,English
2021-03-17,Possible GME restrictions coming? Fidelity goes broke? Heavy pushing in r/GME to transfer here.,0.0,Neutral,English
2021-03-15,009972 error resolution?,0.0,Neutral,English
2021-03-13,"Surely, the bubble will burst when the Fear Of Missing Out (FOMO) ETF launchs...NOT A JOKE!",0.0,Neutral,English
2021-03-12,"Hmm.. at what point will the RHers realize swaggy doesn't consistnetly = ""more money""",0.0,Neutral,English
2021-03-12,Missing AAPL stock,-0.7245089411735535,Negative,English
2021-03-11,Customer Support,0.0,Neutral,English
2021-03-08,Why is it such a nightmare to get options approved?,-0.8202994465827942,Negative,English
2021-03-04,"""day change"" under accounts isn't updating?",0.0,Neutral,English
2021-03-04,How I got transferred from Robinhood to Fidelity in 4 business days,0.0,Neutral,English
2021-03-03,Fidelity issued me a $33K Margin call for making a $50 day trade. After 2 hours with customer service they couldn't explain why the call was so high and asked me to call back tomorrow. Does anyone here have any insight?,0.0,Neutral,English
2021-02-25,Cash not settling weeks after deposits?,0.0,Neutral,English
2021-02-25,How do I make the stocks auto refresh the prices like it does on robinhood on the Fidelity app?,0.0,Neutral,English
2021-02-24,POOR customer service lately at Fidelity,-0.8287687301635742,Negative,English
2021-02-24,My shares have been sold?,0.0,Neutral,English
2021-02-23,Fidelity automatically liquidated shares to cover $150 I owed - is this normal?,0.0,Neutral,English
2021-02-23,Couple questions,0.0,Neutral,English
2021-02-22,Conditional/OCO order on fidelity iOS app,0.0,Neutral,English
2021-02-20,FYI: Fidelity now allows enabling of penny stock trading right on the website/app,0.0,Neutral,English
2021-02-18,Is anyone else getting error messages when trying to transfer money within Fidelity portfolio?,0.0,Neutral,English
2021-02-17,Fidelity ap Log In issue,-0.552119255065918,Negative,English
2021-02-16,Fidelity App,-0.8473402261734009,Negative,English
2021-02-13,Mobile Check Deposit not working for Rollover Check,0.0,Neutral,English
2021-02-12,Transferring Over IRA from T Rowe Price to Fidelity need Medallion Signature Guarantee,0.0,Neutral,English
2021-02-11,Why is my cash available to trade balance zero?,0.0,Neutral,English
2021-02-11,Penny Stocks Restriction,0.0,Neutral,English
2021-02-11,Bank is linked but not listed as a way to deposit money,0.0,Neutral,English
2021-02-11,"Deposited funds, buying power still says $0? Won't let me trade?",0.0,Neutral,English
2021-02-10,iPhone Widget,0.0,Neutral,English
2021-02-10,Margin Debit Balance after transfer from Robinhood,0.0,Neutral,English
2021-02-10,My Bank account wont link to Fidelity and I don't want to wait another 2 hours on the phone to talk to someone from customer service.,0.0,Neutral,English
2021-02-10,System Error when opening account.,-0.5335578918457031,Negative,English
2021-02-09,Dark mode,0.0,Neutral,English
2021-02-09,I can't open a new account because the app crashed on me.,0.0,Neutral,English
2021-02-09,Cash Never Settled?,0.0,Neutral,English
2021-02-09,Transfer from RH Botched - Status Completed,0.0,Neutral,English
2021-02-08,"Fidelity iOS App ""Quick Access"" Issues?",0.0,Neutral,English
2021-02-07,Live Quotes on Mobile App?,0.0,Neutral,English
2021-02-06,Fidelity mobile app UI,0.0,Neutral,English
2021-02-05,Is there a way to see after market prices reflected in watchlist/account view?,0.0,Neutral,English
2021-02-04,Been trying to open a brokerage account for 6 weeks!,0.0,Neutral,English
2021-02-03,Phone and chat support is slammed,-0.8597147464752197,Negative,English
2021-02-03,Trying to open a Brokerage Account but I already have one?,0.0,Neutral,English
2021-02-03,Limited margin training with rollover IRA,0.0,Neutral,English
2021-02-03,Trouble with transferring Robin Hood to Fidelity (including margin issue),0.0,Neutral,English
2021-02-03,Trying to register but it says I already have an account,0.0,Neutral,English
2021-02-03,"‚ÄúVerification Failed‚Äù loading a potential trade (a preview), and then trade went thru despite not hitting the submit button....",-0.5811175107955933,Negative,English
2021-02-03,Real-Time Quotes Just Don't Work?,0.0,Neutral,English
2021-02-03,PSA if you have margin debit on your Fidelity that showed up while transferring from Robinhood CALL!,0.0,Neutral,English
2021-02-02,"For anyone that uses Fidelity‚Äôs option of Symantec VIP Access for two factor authentication, what are your thoughts on it?",0.0,Neutral,English
2021-02-02,Trying to recover old brokerage account,-0.5708079934120178,Negative,English
2021-02-02,Every time I try to open an account it says it can't verify my identity,-0.5456897020339966,Negative,English
2021-02-01,Macbook pro performance?,0.0,Neutral,English
2021-01-31,"On iOS app, is there any way to see percentage change on charts for 3M, 1YR, 5YR?",0.0,Neutral,English
2021-01-31,"Went to go make a Fidelity account couple minutes ago, says I have one, how? never have had an account only had RH in the past?",0.0,Neutral,English
2021-01-31,Please help...I got this error from Fidelity..I am new to investing and not having luck getting through to speak to someone on the phone after several attempts waiting hours on end each time.,0.0,Neutral,English
2021-01-31,"""Due to Market Risk concerns, your trading capabilities have been frozen""",-0.5464449524879456,Negative,English
2021-01-31,UTMA account for my teen - do they log in with my info or can they with their own?,0.0,Neutral,English
2021-01-31,FYI - Fidelity cancelled my new 1/28 account without my consent.,0.0,Neutral,English
2021-01-30,Softlocked by 2FA: put in the wrong phone number and now I'm stuck,0.0,Neutral,English
2021-01-30,how the hell do i add money to my accounts from paypal?,0.0,Neutral,English
2021-01-29,Linking Bank,0.0,Neutral,English
2021-01-29,What gives? Waiting an hour for a phone call that never got answered! I have a problem....pick up the phone!,-0.8061206936836243,Negative,English
2021-01-29,"What happened to the IOS 14 widget that showed our account balance, dow/s&p price?",0.0,Neutral,English
2021-01-29,phone number added to my fidelity account?,0.0,Neutral,English
2021-01-29,Question about NetBenefit account,0.0,Neutral,English
2021-01-29,Fidelity beginner guide with links,0.0,Neutral,English
2021-01-28,Fidelity not letting me place any limit sell orders,0.0,Neutral,English
2021-01-28,Stock screener in iOS app?,0.0,Neutral,English
2021-01-28,cant see my positions in web platform?,-0.7472689151763916,Negative,English
2021-01-22,Out of buying power,-0.4907777011394501,Negative,English
2021-01-22,Fidelity Employees: How much does a Financial Representative make?,0.0,Neutral,English
2021-01-17,Pattern Day Trader designation in Roth Account,0.0,Neutral,English
2021-01-17,Fidelity closed my Roth IRA acc and won‚Äôt return my $3500,0.0,Neutral,English
2021-01-16,Changing password vulnerability,0.0,Neutral,English
2021-01-16,Fidelity Bill Pay Redesign Fail,0.0,Neutral,English
2021-01-13,On Hold for over an Hour,0.0,Neutral,English
2021-01-12,Fidelity Active Trader Pro on an M1 Mac,0.0,Neutral,English
2021-01-04,"Unable to deposit check, get ""We are unable to load that content"" error.",0.0,Neutral,English
2021-12-23,What's wrong with my data source? (IEXCloud) CZR adjusted price,0.0,Neutral,English
2021-12-19,I need assistance with fixing an endpoint to the website coinApi.,0.0,Neutral,English
2021-12-13,MQL 4 Programming Question,0.0,Neutral,English
2021-12-02,Gate IO bot,0.0,Neutral,English
2021-11-11,My current python backtesting script - looking for feedback and speed improvements,0.0,Neutral,English
2021-10-25,I created a Python trading framework for trading stocks & crypto,0.0,Neutral,English
2021-10-25,Why to decompose a time-series,0.0,Neutral,English
2021-10-19,Small/medium free intraday dataset? Handful of symbols.,0.0,Neutral,English
2021-10-13,"I've been recording historical options data, here's download link for AAPL for September 2021",0.0,Neutral,English
2021-10-07,How do you guys do sentiment analysis on various stocks?,0.0,Neutral,English
2021-10-05,TOS mean reversion setup collaboration!,0.0,Neutral,English
2021-09-29,IEX Offline,0.0,Neutral,English
2021-09-29,How to set up schema for my own OHLCV stock and crypto database with InfluxDB?,0.0,Neutral,English
2021-09-23,Tradingview Trading Bot,0.0,Neutral,English
2021-09-03,Help with Backtrader,0.0,Neutral,English
2021-08-20,Is anyone else seeing NaN responses to python from Yahoo Finance today?,0.0,Neutral,English
2021-08-17,Any experience with Ally Invest API?,0.0,Neutral,English
2021-08-11,"Sharpe 11.50, 177% returns, -1.4% drawdown, 94% win rat. Just want to say thanks to everyone who helped me!",0.0,Neutral,English
2021-08-10,Constructing Second Granular OHLC Historical Stock Price Data.,0.0,Neutral,English
2021-08-05,"Pattern recognition python library (ABCD pattern, double top/bottom, head and shoulders etc...)",0.0,Neutral,English
2021-08-02,Pseudocode release of the algo I live on,0.0,Neutral,English
2021-07-27,How to correctly get BUTTERFLY options chain from TD Ameritrade API?,0.0,Neutral,English
2021-07-24,"TD ameritrade API's Get Option Chain not working for all the strategies ( BUTTERFLY, CONDOR, DIAGONAL etc )",0.0,Neutral,English
2021-07-18,Set of backtesting tickers and timeframes?,0.0,Neutral,English
2021-07-15,How to create a long/short OCO order on Binance Futures Python,0.0,Neutral,English
2021-07-14,Gathering Data - How do the big shops get it done?,0.0,Neutral,English
2021-07-04,OHLCV Historical Crypto Data Api for free?,0.0,Neutral,English
2021-06-28,IBAPI How to DataFrame ReqHistoricalTick Data?,0.0,Neutral,English
2021-06-27,Searching for API w/ accurate intraday (hourly) stock volume + OHLC data,-0.7776768207550049,Negative,English
2021-06-27,Leverage strategies for trading multiple symbols,0.0,Neutral,English
2021-06-25,Optimizing IBKR API TIme and Sales Extractions,0.0,Neutral,English
2021-06-22,"Has anyone used Kats yet, Facebook's Python time series analysis toolkit?",0.0,Neutral,English
2021-06-20,Any historical datasets that do not need data cleaning?,0.0,Neutral,English
2021-06-18,Paid Fundamental Data: AlphaVantage vs Finnhub.io,0.0,Neutral,English
2021-06-13,Binance Full (or atleast sufficiently deep) Orderbook,0.0,Neutral,English
2021-06-12,"I made an algo that tracks sentiment on Reddit (and trades those stocks). Here's the source code and the sentiment results for this week. I rebalance weekly, but can set rebalance speed to as fast as a couple ticks (although that would be a bit silly)",0.0,Neutral,English
2021-06-10,"""Scalping""?",0.0,Neutral,English
2021-06-06,Obtaining VWAP from IEX Cloud?,0.0,Neutral,English
2021-06-03,Differences in market data and stock market confusion,0.0,Neutral,English
2021-06-02,Determine market and ice-berg order types from live trade and quote data,0.0,Neutral,English
2021-06-02,binance book depth stream for non btc/eth pairs,0.0,Neutral,English
2021-06-01,More Market Data Available on DoltHub,0.0,Neutral,English
2021-05-31,Speeding Up the Fitting of SVI Volatility Surface Python,0.0,Neutral,English
2021-05-25,Binance Technical Indicator Data,0.0,Neutral,English
2021-05-20,Best Crypto Trading Bots 2021 (Medium article),0.0,Neutral,English
2021-05-15,TDA API for Forex,0.0,Neutral,English
2021-05-15,Has anyone compared the performance of Polygon.io versus IEXCloud?,0.0,Neutral,English
2021-05-14,What's the best API for fundamentals data from the last 15-20 years?,0.0,Neutral,English
2021-05-11,My hard way to learn EMA's formula and deep dive of EMA,0.0,Neutral,English
2021-05-05,TDA API FOREX?,0.0,Neutral,English
2021-05-04,Mac + Python Issues,0.0,Neutral,English
2021-05-03,How should I build my own historical data database?,0.0,Neutral,English
2021-05-01,Realtime/Delayed Implied Volatility Data Source?,0.0,Neutral,English
2021-04-21,Looking for a cooperative arrangement with a fellow algo trader,0.0,Neutral,English
2021-04-21,Experience with Decision Tree Models for algorithm trading?,0.0,Neutral,English
2021-04-18,Free API to get up to date list of all S&P 500 symbols.,0.0,Neutral,English
2021-04-15,Trading with Code,0.0,Neutral,English
2021-04-07,Binance API: How to distinguish whether a trade is a limit order or a market order ?,0.0,Neutral,English
2021-04-03,How can i get my listen Key for Binance API?,0.0,Neutral,English
2021-04-02,Can anyone recommend equties data provider?,0.0,Neutral,English
2021-04-01,Any maintained libraries for backtesting that supports multiple timeseries?,0.0,Neutral,English
2021-03-28,Best forex real-time and historical candlestick data API?,0.0,Neutral,English
2021-03-23,Questions about TDAmeritrade Options API,0.0,Neutral,English
2021-03-23,Issues with Yahoo Finance API for SPX historical data,0.0,Neutral,English
2021-03-23,Is polygon.io truly bad?,-0.6774547100067139,Negative,English
2021-03-11,Anyone know of a complete Time Series Database for trades?,0.0,Neutral,English
2021-03-08,Identifying which stocks that are the subject of a forum post,0.0,Neutral,English
2021-03-01,Real time stock quotes,0.0,Neutral,English
2021-02-27,Real time quote + trade data provider,-0.7524617910385132,Negative,English
2021-02-27,Does Polygon.io have historical intraday bid/ask spread and volume data? Which plan do I need?,0.0,Neutral,English
2021-02-25,IB market data wrong split adjustments?,0.0,Neutral,English
2021-02-24,"So, Polygon indeed has shitty data",0.0,Neutral,English
2021-02-24,Would it be helpful to you if I post the 6 ARK ETF's significant changes within each portfolio daily?,0.0,Neutral,English
2021-02-23,Is there anywhere I could find documentation for Quantopian Zipline? Zipline.io went offline this morning.,0.0,Neutral,English
2021-02-22,API discussion need advice.,0.0,Neutral,English
2021-02-22,Newsletter algorithm for aging mother?,0.0,Neutral,English
2021-02-21,[Resource] Marana: Tools for Data Analysis and Algo-Trading in C#,0.0,Neutral,English
2021-02-21,Wow. Polygon is shockingly bad.,0.0,Neutral,English
2021-02-20,Is Polygon Selling Data Illegally?,0.0,Neutral,English
2021-02-19,Replacement for Polygon.io Data feed,0.6153557896614075,Positive,English
2021-02-18,"How Redditors Find the Next GameStop Stock. On the surface, WallStreetBets looks like a casino, but an analysis of the stocks that take off reveals some common factors that drive the winners",0.0,Neutral,English
2021-02-18,DEMO: Single script trading bot using Robinstocks API,0.0,Neutral,English
2021-02-18,Polygon.io Unlimited API Calls 200/month?,0.0,Neutral,English
2021-02-15,"An awesome list about crypto trading bots : find open source crypto trading bots, technical analysis and market data libraries, data providers, APIs, ...",0.0,Neutral,English
2021-02-14,Which API would you suggest for pulling news?,0.0,Neutral,English
2021-11-17,[Dataset Release] - I created an Auto-Updating Kaggle dataset that collects high-frequency crypto market data - Updates daily! | +20 Related Trading Notebooks,0.0,Neutral,English
2021-05-31,Speeding Up the Fitting of SVI Volatility Surface Python,0.0,Neutral,English
2021-05-13,Best Tech Stock Database for Python?,0.0,Neutral,English
2021-02-02,Anyone Working on Cryptocurrency-Related Quant Projects?,0.0,Neutral,English
